datetime,rank_ic,rolling_20d,cumulative_rank_ic
2017-01-03,0.13955157383944494,,0.13955157383944494
2017-01-04,0.01582190259385054,,0.1553734764332955
2017-01-05,-0.01142283481658346,,0.14395064161671203
2017-01-06,-0.05136802861031357,,0.09258261300639847
2017-01-09,-0.03137400147235673,,0.061208611534041744
2017-01-10,-0.02321660001685769,,0.03799201151718405
2017-01-11,0.014651930905926158,,0.05264394242311021
2017-01-12,0.0004792018910794276,,0.053123144314189644
2017-01-13,0.049943719654543875,,0.10306686396873352
2017-01-16,0.16197128854550674,0.026503815251424024,0.26503815251424023
2017-01-17,0.13922282391750035,0.03675099785743096,0.4042609764317406
2017-01-18,0.20155780290745443,0.05048489827826625,0.605818779339195
2017-01-19,0.23589646190579555,0.06474732624961466,0.8417152412449906
2017-01-20,0.026311028412454234,0.0620018764041032,0.8680262696574449
2017-01-23,0.10418203412369693,0.06481388691874278,0.9722083037811419
2017-01-24,-0.0129677114188886,0.05995253702264082,0.9592405923622532
2017-01-25,-0.08595814541744667,0.051369555702635676,0.8732824469448066
2017-01-26,-0.09064140350064401,0.043480057969120134,0.7826410434441626
2017-02-03,0.015755793523090863,0.04202088615617122,0.7983968369672535
2017-02-06,0.0688416652795502,0.043361925112340174,0.8672385022468037
2017-02-07,0.06589458817207247,0.03967907582897155,0.9331330904188762
2017-02-08,0.010585421269938937,0.039417251762775975,0.943718511688815
2017-02-09,0.06636463894137765,0.04330662545067403,1.0100831506301926
2017-02-10,0.09280418016629455,0.05051523588950443,1.102887330796487
2017-02-13,0.10199230547881276,0.0571835512370629,1.2048796362752998
2017-02-14,0.05390448677439741,0.061039605576625654,1.2587841230496972
2017-02-15,-0.025653550359675294,0.05902433151334559,1.233130572690022
2017-02-16,-0.00024685600990328137,0.05898802861829646,1.2328837166801185
2017-02-17,-0.04538671745071055,0.054221506763033736,1.187496999229408
2017-02-20,0.11118546138044255,0.05168221540478053,1.2986824606098506
2017-02-21,0.13938490877498166,0.05169031964765458,1.4380673693848323
2017-02-22,0.08436612552139484,0.04583073577835161,1.522433494906227
2017-02-23,0.1005789147672964,0.03906485842142665,1.6230124096735234
2017-02-24,0.020245776271972906,0.03876159581440259,1.6432581859454964
2017-02-27,0.18391807174587602,0.042748397695511545,1.8271762576913724
2017-02-28,0.16052537617974996,0.05142305207544347,1.9877016338711224
2017-03-01,0.05657914803251655,0.05854991674794163,2.044280781903639
2017-03-02,-0.041182228120475575,0.06102287551695005,2.0030985537831634
2017-03-03,-0.025399443573266133,0.058965113662132196,1.9776991102098973
2017-03-06,-0.10036350884619992,0.050504854955844704,1.8773356013636975
2017-03-07,0.0030310931744925228,0.0473616802059657,1.88036669453819
2017-03-08,0.03356294544592406,0.048510556414764955,1.9139296399841141
2017-03-09,-0.04835181229904374,0.042774733852743885,1.8655778276850703
2017-03-10,0.033315752790138424,0.039800312483936076,1.8988935804752087
2017-03-13,0.08394078560197725,0.0388977364900943,1.9828343660771859
2017-03-14,-0.007277854086642033,0.03583861944704233,1.9755565119905438
2017-03-15,0.049484925047151,0.03959554321738364,2.025041437037695
2017-03-16,0.0014750200430663834,0.03968163702003213,2.0265164570807612
2017-03-17,-0.004906334582450348,0.04170565616344514,2.021610122498311
2017-03-20,0.061699894943060184,0.03923137784157602,2.083310017441371
2017-03-21,0.12255919858981788,0.038390092332317834,2.205869216031189
2017-03-22,0.11981289819362316,0.040162430965929245,2.325682114224812
2017-03-23,0.21722757128920148,0.045994863792024505,2.5429096855140134
2017-03-24,0.20503102239210827,0.055234126098031265,2.7479407079061215
2017-03-27,0.15686606840607176,0.05388152593104106,2.9048067763121934
2017-03-28,0.13189326746660163,0.05244992049538364,3.036700043778795
2017-03-29,0.08723045131008696,0.053982485659262155,3.123930495088882
2017-03-30,0.028865585332322276,0.05748487633190206,3.1527960804212043
2017-03-31,0.08492878044795417,0.06300128753296307,3.2377248608691587
2017-04-05,0.12356555634239395,0.07419774079239276,3.3612904172115528
2017-04-06,0.1586638060853253,0.08197937643793439,3.519954223296878
2017-04-07,0.2298220337794299,0.0917923308546097,3.749776257076308
2017-04-10,0.03541731346857325,0.09598078714299055,3.785193570544881
2017-04-11,0.09952870399068962,0.0992914347030181,3.8847222745355707
2017-04-12,-0.007666746811173376,0.09471105808236058,3.8770555277243974
2017-04-13,-0.040794801022344555,0.09303521073557544,3.836260726702053
2017-04-14,-0.13826439538090768,0.08364774471417251,3.6979963313211455
2017-04-17,-0.039012963642168635,0.08162334552991077,3.6589833676789767
2017-04-18,-0.023668281899894558,0.08068524816403855,3.6353150857790824
2017-04-19,-0.036115076401843874,0.07579449959679335,3.5992000093772383
2017-04-20,-0.002113755733383102,0.0695608518806333,3.5970862536438553
2017-04-21,0.08517138805724572,0.06782877637381443,3.682257641701101
2017-04-24,0.0740983349181715,0.06067231455526293,3.7563559766192727
2017-04-25,0.2162953576241176,0.06123553131686339,3.9726513342433902
2017-04-26,0.0936072106385615,0.05807258842848788,4.0662585448819515
2017-04-27,0.2072212716250226,0.06183898863640893,4.273479816506974
2017-04-28,0.25627305493785546,0.07029111881779736,4.529752871444829
2017-05-02,0.27650713232855745,0.08267319616760911,4.806260003773387
2017-05-03,0.29767562526489305,0.09331053840845606,5.10393562903828
2017-05-04,0.2828066401343677,0.10127259259805474,5.386742269172648
2017-05-05,0.26411455269518797,0.10654512992854788,5.650856821867835
2017-05-08,0.24297940101472676,0.10720299829031273,5.893836222882562
2017-05-09,0.24499449389895953,0.11768185731183205,6.138830716781521
2017-05-10,0.21164655930166124,0.12328775007738062,6.350477276083182
2017-05-11,0.05087168337228971,0.12621467158655378,6.401348959455471
2017-05-12,-0.042726899601138305,0.1261180666576141,6.358622059854333
2017-05-15,-0.05726556076830074,0.13016800838824444,6.301356499086032
2017-05-16,-0.034742399488864255,0.13038153659590965,6.266614099597168
2017-05-17,0.009880513335307739,0.13205897635766975,6.276494612932476
2017-05-18,0.05920778271908411,0.13682511931371616,6.33570239565156
2017-05-19,0.16503762579773548,0.1451826883902721,6.500740021449295
2017-05-22,0.05725238820646989,0.1437867383977333,6.557992409655765
2017-05-23,-0.01929704289127818,0.13911696950726082,6.538695366764487
2017-05-24,-0.015474356949106788,0.12752848377859957,6.52322100981538
2017-05-25,-0.1270772098358305,0.11649426275487999,6.39614379997955
2017-05-26,-0.07925356163239293,0.10217052109200922,6.316890238347157
2017-05-31,0.002503313002868677,0.08948203399525988,6.319393551350026
2017-06-01,0.17752168954877878,0.08453276185627094,6.4969152408988045
2017-06-02,0.05012838204687358,0.07215539969536997,6.547043622945678
2017-06-05,0.08521395214763505,0.06227576529603335,6.632257575093313
2017-06-06,0.08038811805979007,0.05308944356426345,6.712645693153103
2017-06-07,0.015455353948970787,0.041713241210975645,6.728101047102074
2017-06-08,0.16559787292356742,0.03774341016220604,6.893698920025641
2017-06-09,0.16159382902030295,0.03524077364813812,7.055292749045944
2017-06-12,0.34308903562724363,0.04985164126088582,7.398381784673187
2017-06-13,0.38170518222525496,0.0710732453522055,7.780086966898442
2017-06-14,0.1924415459789851,0.08355860068956979,7.972528512877427
2017-06-15,0.0279531995648107,0.08669338064225353,8.000481712442237
2017-06-16,0.06044554475390329,0.0892216322131833,8.060927257196141
2017-06-19,-0.05475866165521337,0.08352330999446843,8.006168595540927
2017-06-20,0.03642182607232784,0.07709252000819805,8.042590421613255
2017-06-21,0.03123830240107467,0.07579181571792828,8.07382872401433
2017-06-22,-0.03014068309962925,0.07524963370751073,8.0436880409147
2017-06-23,0.024447706836004182,0.07724573689676628,8.068135747750704
2017-06-26,0.08359879176560646,0.08777953697683813,8.15173453951631
2017-06-27,0.15981633473839993,0.09973303179537778,8.31155087425471
2017-06-28,0.10126030363327287,0.10467088132689797,8.412811177887983
2017-06-29,0.13849026163004868,0.10271930993096148,8.551301439518031
2017-06-30,0.09820946372670508,0.10512336401495306,8.649510903244737
2017-07-03,0.025460798914421053,0.10213570635329236,8.674971702159159
2017-07-04,0.22390556383492288,0.10931157864204899,8.89887726599408
2017-07-05,0.09617241035498471,0.11334743146234968,8.995049676349065
2017-07-06,0.08772836214696679,0.10945395592351967,9.082778038496032
2017-07-07,0.15450627265378303,0.10909957810519366,9.237284311149816
2017-07-10,0.027639808219706918,0.09332711673481683,9.264924119369523
2017-07-11,0.1560173284311215,0.08204272404511016,9.420941447800644
2017-07-12,0.2744727006327001,0.0861442817777959,9.695414148433343
2017-07-13,0.28912399349356444,0.09920282147423358,9.984538141926908
2017-07-14,0.06228904898140812,0.09929499668560883,10.046827190908317
2017-07-17,-0.05379823300328697,0.09934301811820515,9.99302895790503
2017-07-18,0.03385671696231827,0.09921476266270467,10.02688567486735
2017-07-19,0.0933559393875385,0.10232064451202785,10.120241614254889
2017-07-20,0.05556533251976096,0.10660594529299738,10.17580694677465
2017-07-21,-0.11769798515987594,0.09949866069320337,10.058108961614774
2017-07-24,-0.26079047767001445,0.08227919722142232,9.79731848394476
2017-07-25,-0.14244426174083807,0.06716616739746042,9.654874222203922
2017-07-26,-0.12169031133415792,0.05601863664908888,9.533183910869765
2017-07-27,0.034241256420600844,0.05080618638861649,9.567425167290365
2017-07-28,-0.04862315103539496,0.04346455565051148,9.51880201625497
2017-07-31,0.07756614051737623,0.04606982273065925,9.596368156772346
2017-08-01,-0.057350869266556546,0.03200700107558528,9.53901728750579
2017-08-02,0.029273001193511984,0.02866203061751164,9.568290288699302
2017-08-03,0.09270079982357741,0.02891065250134217,9.660991088522879
2017-08-04,0.02350990737399795,0.022360834237352918,9.684500995896878
2017-08-07,0.14571812619802754,0.028264750136268946,9.830219122094904
2017-08-08,0.0261643306491813,0.021772100247171938,9.856383452744085
2017-08-09,0.1308223054383574,0.0145895804874548,9.987205758182442
2017-08-10,0.06278252511626374,0.0032725070685897676,10.049988283298706
2017-08-11,0.055833851280321596,0.002949747183535441,10.105822134579029
2017-08-14,0.05980064838451713,0.008629691252925646,10.165622782963545
2017-08-15,-0.07669852193554183,0.0031019293080326417,10.088924261028003
2017-08-16,-0.27060662626614995,-0.015096198974651781,9.818317634761854
2017-08-17,-0.2848802324539838,-0.03211847722333902,9.53343740230787
2017-08-18,-0.3057610756490703,-0.041521631747798736,9.2276763266588
2017-08-21,-0.2048647096282909,-0.03872534334571256,9.02281161703051
2017-08-22,-0.15708519785908573,-0.039457390151624944,8.865726419171423
2017-08-23,0.04985185035198197,-0.030880282067317945,8.915578269523404
2017-08-24,0.0011903910487509176,-0.03253282533591045,8.916768660572155
2017-08-25,0.13072515007766675,-0.023565410280257357,9.047493810649822
2017-08-28,0.07428697329431662,-0.02372936864141034,9.12178078394414
2017-08-29,0.0746095594343225,-0.017131347206366387,9.19639034337846
2017-08-30,-0.08264544698901508,-0.02272726961549274,9.113744896389445
2017-08-31,0.03166195839346163,-0.025779211686998527,9.145406854782907
2017-09-01,0.0918873669795215,-0.022360338706722348,9.23729422176243
2017-09-04,0.08564425986864274,-0.025364032023191596,9.322938481631072
2017-09-05,0.2366879892699158,-0.014837849092154864,9.559626470900987
2017-09-06,0.16756107533074427,-0.013000910597535525,9.72718754623173
2017-09-07,0.1403929443225238,-0.00912038963722252,9.867580490554255
2017-09-08,-0.05906296112119898,-0.01486523025729855,9.808517529433056
2017-09-11,-0.08166248833785143,-0.02193838709341698,9.726855041095204
2017-09-12,-0.15026395880495436,-0.025616658936887603,9.57659108229025
2017-09-13,-0.1420311164788922,-0.019187883447524718,9.434559965811358
2017-09-14,-0.08485230317661228,-0.009186486983656142,9.349707662634746
2017-09-15,0.06850278456975037,0.009526706027284892,9.418210447204496
2017-09-18,0.046152162649700026,0.022077549641184437,9.464362609854195
2017-09-19,0.012606562939245038,0.030562137681100977,9.47696917279344
2017-09-20,0.1564559222405647,0.03589234127553011,9.633425095034005
2017-09-21,0.16914688069579403,0.04429016575788227,9.802571975729798
2017-09-22,0.14373449598216254,0.04494063305310706,9.94630647171196
2017-09-25,0.14398940321165507,0.04842575454897398,10.090295874923616
2017-09-26,0.08711375033869552,0.049050964094192635,10.17740962526231
2017-09-27,0.08367327822092281,0.05736690035468953,10.261082903483233
2017-09-28,0.02525971655051833,0.05704678826254237,10.286342620033752
2017-09-29,-0.03360794258757725,0.05077202278418743,10.252734677446174
2017-10-09,0.15332549748781318,0.054156084665145945,10.406060174933987
2017-10-10,0.11580883745741608,0.04811212707452096,10.521869012391404
2017-10-11,0.12554246098259295,0.04601119635711339,10.647411473373998
2017-10-12,0.09703941167894561,0.043843519724934485,10.744450885052943
2017-10-13,0.06357319700234637,0.04997532763111175,10.80802408205529
2017-10-16,0.05952236780341436,0.05703457043817504,10.867546449858704
2017-10-17,0.0018045007633094542,0.06463799341658824,10.869350950622014
2017-10-18,-0.09748495866105777,0.06686530130747995,10.771865991960956
2017-10-19,-0.045824887849028995,0.06881667207385912,10.726041104111927
2017-10-20,-0.07710780105874598,0.0615361427924343,10.64893330305318
2017-10-23,-0.022768141205874545,0.058090127599655574,10.626165161847306
2017-10-24,0.020512486503278228,0.058485423777857225,10.646677648350584
2017-10-25,0.2631054269023128,0.06381789901094463,10.909783075252896
2017-10-26,0.30881984949141067,0.07080154745072546,11.218602924744307
2017-10-27,0.1339783122798848,0.07031373826561158,11.352581237024191
2017-10-30,0.017316638203818763,0.06398010001521977,11.369897875228009
2017-10-31,-0.03426726215875874,0.05791104939034706,11.33563061306925
2017-11-01,-0.07939207807531774,0.04975778157553502,11.256238534993933
2017-11-02,-0.0562163713322333,0.04568397718139744,11.2000221636617
2017-11-03,-0.03147482820833064,0.04579063290035977,11.168547335453368
2017-11-06,0.03198155600049566,0.0397234358259939,11.200528891453864
2017-11-07,0.0707502145291757,0.03747050467958187,11.271279105983039
2017-11-08,0.10418761942184002,0.03640276260154423,11.375466725404879
2017-11-09,0.05615077438691479,0.03435833073694269,11.431617499791793
2017-11-10,0.1721513087602389,0.03978723632483731,11.603768808552031
2017-11-13,0.11298733136893582,0.04246048450311339,11.716756139920967
2017-11-14,-0.0070705440441620575,0.04201673226273982,11.709685595876806
2017-11-15,-0.01181092930212501,0.04630043373068645,11.69787466657468
2017-11-16,-0.007292181477877838,0.048227069049244016,11.690582485096803
2017-11-17,0.2291248680875445,0.06353870250655853,11.919707353184346
2017-11-20,0.2141675560916287,0.07538548737143369,12.133874909275976
2017-11-21,0.32507721614973456,0.09061372385375652,12.45895212542571
2017-11-22,0.16479264519464992,0.08569808476837337,12.62374477062036
2017-11-23,-0.07451902477639544,0.06653114105498306,12.549225745843966
2017-11-24,0.027111970233089328,0.06118782395264329,12.576337716077056
2017-11-27,0.21211045146017124,0.07092751461546092,12.788448167537227
2017-11-28,0.052357489559250465,0.07525875220136138,12.840805657096478
2017-11-29,0.16909689470861305,0.0876832008405579,13.00990255180509
2017-11-30,0.13261643829638406,0.09712484132198879,13.142518990101475
2017-12-01,0.18934993136110748,0.1081660793004607,13.331868921462583
2017-12-04,0.027391301005402643,0.10793656655070605,13.359260222467986
2017-12-05,0.006801556209092045,0.10473913363470184,13.366061778677079
2017-12-06,0.04563772464972475,0.1018116388960961,13.411699503326803
2017-12-07,0.20771182000330574,0.10938969117691563,13.619411323330109
2017-12-08,0.14958931001949421,0.1082615912398784,13.769000633349602
2017-12-11,0.06810680180263491,0.10601756476156335,13.837107435152237
2017-12-12,0.07504336668839476,0.1101232602981912,13.912150801840632
2017-12-13,-0.0147376683752359,0.10997692334453565,13.897413133465395
2017-12-14,-0.03946141453388228,0.10836846169173545,13.857951718931513
2017-12-15,0.02660340289210929,0.09824238843196367,13.884555121823622
2017-12-18,0.009442758012856304,0.08800614852802505,13.893997879836478
2017-12-19,-0.15401694414930914,0.06405144051307285,13.73998093568717
2017-12-20,-0.0492113959104093,0.0533512384578199,13.69076953977676
2017-12-21,-0.024447388136269635,0.05585482028982619,13.66632215164049
2017-12-22,-0.02135295672983342,0.053431573941680056,13.644969194910656
2017-12-25,0.054919387182160904,0.045572020727779536,13.699888582092816
2017-12-26,-0.02230830898104977,0.04183873080076453,13.677580273111767
2017-12-27,-0.02735036344388526,0.032016367893139615,13.650229909667882
2017-12-28,0.020119575919293392,0.02639152477428508,13.670349485587176
2017-12-29,0.020230878587759887,0.0179355721356177,13.690580364174936
2018-01-02,0.048874927827636805,0.019009753476729407,13.739455292002573
2018-01-03,0.08307382335851914,0.022823366834200765,13.822529115361093
2018-01-04,0.0440868254930392,0.022745821876366486,13.866615940854132
2018-01-05,-0.0014558967093720719,0.012287436040732595,13.86516004414476
2018-01-08,-0.042698883106531894,0.00267302638443129,13.822461161038229
2018-01-09,0.07352122166082489,0.002943747377340789,13.895982382699053
2018-01-10,0.1727029175204358,0.00782672491894284,14.068685300219489
2018-01-11,0.15410247399927254,0.016268732037668262,14.22278777421876
2018-01-12,0.2290489741058865,0.0296942514696567,14.451836748324647
2018-01-15,0.30494731545826437,0.043611447097964454,14.756784063782911
2018-01-16,0.2752045436613844,0.05689953638039086,15.031988607444296
2018-01-17,0.21554020260546664,0.07537739371812965,15.247528810049763
2018-01-18,0.13424535588364203,0.08455023130783222,15.381774165933406
2018-01-19,0.13112241824963355,0.09232872162712738,15.51289658418304
2018-01-22,0.10661351565550074,0.09872704524639409,15.61951009983854
2018-01-23,-0.02205065329570501,0.09487854322250079,15.597459446542834
2018-01-24,-0.003367435484223806,0.09582558689734208,15.59409201105861
2018-01-25,-0.10482276847240352,0.09195196664591618,15.489269242586206
2018-01-26,-0.025009360602370252,0.089695519819833,15.464259881983835
2018-01-29,0.037559216410374775,0.09056193671096373,15.50181909839421
2018-01-30,0.17606243328236348,0.09692131198370006,15.677881531676572
2018-01-31,-0.01804160295432907,0.09186554066805766,15.659839928722244
2018-02-01,0.1251931565736707,0.09592085722208923,15.785033085295915
2018-02-02,0.06313978913638095,0.09915064151437689,15.848172874432295
2018-02-05,0.11411974886427441,0.10699157311291721,15.96229262329657
2018-02-06,0.04242232515252419,0.10543662828750215,16.004714948449095
2018-02-07,0.13349297481319064,0.1034761311521399,16.138207923262286
2018-02-08,0.3102657790023606,0.11128429640229431,16.448473702264646
2018-02-09,0.3886514482502942,0.1192644201095147,16.83712515051494
2018-02-12,0.31396661732428155,0.11971538520281555,17.151091767839223
2018-02-13,0.024737022025281476,0.10719200912101041,17.175828789864504
2018-02-14,0.029144025081287377,0.09787220024480144,17.20497281494579
2018-02-22,0.18649114027396707,0.10048448946431769,17.39146395521976
2018-02-23,0.16479909276075214,0.10216832318987364,17.55626304798051
2018-02-26,0.1956119792616143,0.10661824637017929,17.751875027242125
2018-02-27,0.2601509768200058,0.12072832787596485,18.012026004062133
2018-02-28,0.0924392212177046,0.12551866071106127,18.10446522527984
2018-03-01,0.1543168591148285,0.13847564209042287,18.258782084394667
2018-03-02,0.16587881693180234,0.1480200509671315,18.42466090132647
2018-03-05,0.07647218560838163,0.14996569942703183,18.50113308693485
2018-03-06,0.14955346051334023,0.14864025078858067,18.65068654744819
2018-03-07,0.26877301804371356,0.1629809818384828,18.919459565491902
2018-03-08,0.28544168581675616,0.17099340830063708,19.20490125130866
2018-03-09,0.12072100065217525,0.17387246887642677,19.325622251960834
2018-03-12,0.06643126088166879,0.17148804447729651,19.3920535128425
2018-03-13,0.07117025287498085,0.17292544086341935,19.463223765717483
2018-03-14,0.054744459547021555,0.1689880151001109,19.517968225264504
2018-03-15,0.007834508120648592,0.1538664515560253,19.525802733385152
2018-03-16,0.03127821084025464,0.1359977896855233,19.557080944225408
2018-03-19,0.04792706500100979,0.12269581206935973,19.605008009226417
2018-03-20,0.0625734291470659,0.12458763242544894,19.66758143837348
2018-03-21,0.09684915038963335,0.12797288869086626,19.764430588763116
2018-03-22,0.15804903740714443,0.1265507835475251,19.92247962617026
2018-03-23,0.11646232313873395,0.12413394506642421,20.038941949308995
2018-03-26,-0.06301760313707987,0.11120246594648948,19.975924346171915
2018-03-27,-0.04953645617688294,0.09571809429664506,19.92638788999503
2018-03-28,0.05703143514956937,0.0939477049932383,19.9834193251446
2018-03-29,0.006780770781204901,0.08657090057655711,19.990200095925804
2018-03-30,0.167327086840763,0.08664331407200515,20.157527182766568
2018-04-02,0.23547155856608154,0.09459328271989015,20.39299874133265
2018-04-03,0.08121694452771619,0.09117645692060895,20.47421568586037
2018-04-04,-0.009784952800379543,0.0772485583784043,20.464430733059988
2018-04-09,0.018202059288766247,0.06388657705200479,20.482632792348753
2018-04-10,0.001650381067623423,0.0579330460727772,20.484283173416376
2018-04-11,0.10615729686708632,0.05991934787204808,20.59044047028346
2018-04-12,0.23503545329570946,0.06811260789308451,20.82547592357917
2018-04-13,0.08597347833324084,0.06967405883239548,20.91144940191241
2018-04-16,0.19592922323275277,0.07907879458800068,21.107378625145163
2018-04-17,0.23809497680807917,0.0894196328863919,21.34547360195324
2018-04-18,0.1283032849478162,0.09343844388373224,21.473776886901057
2018-04-19,0.05903456983252753,0.09326150091800531,21.532811456733583
2018-04-20,0.08238830393420551,0.09253845859523392,21.61519976066779
2018-04-23,0.09011604246764995,0.0891418088482592,21.705315803135438
2018-04-24,0.144313393423406,0.09053436236249279,21.849629196558844
2018-04-25,0.020237335272820723,0.09469710928298783,21.869866531831665
2018-04-26,0.021836909818912315,0.09826577758277759,21.891703441650577
2018-04-27,0.054831489213087815,0.09815578028595351,21.946534930863663
2018-05-02,0.00571985620215096,0.09810273455700082,21.952254787065815
2018-05-03,-0.10540662759568772,0.08446604883517828,21.846848159470127
2018-05-04,0.014263092879429798,0.0734056255508457,21.861111252349556
2018-05-07,0.007667094006484715,0.06972813302478412,21.86877834635604
2018-05-08,-0.009406402006550081,0.06974706056447559,21.85937194434949
2018-05-09,0.020423725440303644,0.06985814387205247,21.879795669789793
2018-05-10,-0.08150324157782199,0.06570046273978018,21.798292428211973
2018-05-11,0.06997837523182794,0.06389151665801726,21.8682708034438
2018-05-14,0.1521890554034026,0.059749196763401936,22.0204598588472
2018-05-15,0.046000443060787294,0.05775054499977925,22.066460301907988
2018-05-16,0.028952760780997445,0.04940172187719148,22.095413062688984
2018-05-17,-0.015440781829666716,0.0367249339453042,22.079972280859316
2018-05-18,-0.1615444422605759,0.022232547584884584,21.91842783859874
2018-05-21,0.054745295433325826,0.0220180838649245,21.973173134032063
2018-05-22,0.13456414109565745,0.024626875722997096,22.10773727512772
2018-05-23,0.06260183121388317,0.02325116516030876,22.170339106341604
2018-05-24,0.1438096458890088,0.0232259777835889,22.31414875223061
2018-05-25,0.06544088486133567,0.025486155263014648,22.379589637091946
2018-05-28,-0.01894365577052614,0.023447126983542725,22.36064598132142
2018-05-29,0.031377831549997556,0.02227444410038821,22.392023812871415
2018-05-30,0.0955947972830011,0.026768191154430722,22.487618610154417
2018-05-31,0.0008443951897519176,0.0320807422937027,22.48846300534417
2018-06-01,0.03469319083125269,0.03310224719129384,22.52315619617542
2018-06-04,0.03340738042703596,0.034389261512321405,22.556563576602457
2018-06-05,0.014479976943023578,0.03558358045980009,22.57104355354548
2018-06-06,0.12448061693890428,0.04078642503473012,22.695524170484383
2018-06-07,0.1077840484287196,0.050250789535057204,22.803308218913102
2018-06-08,0.16686343182691454,0.05509504236481153,22.970171650740017
2018-06-11,0.10119155541352254,0.05254516736531752,23.07136320615354
2018-06-12,0.1089250705176749,0.05569139873816191,23.180288276671213
2018-06-13,0.08617484073052843,0.05855250273563846,23.26646311740174
2018-06-14,0.08271123005733541,0.06346010332998857,23.349174347459076
2018-06-15,0.07833901714348554,0.07545427630019164,23.42751336460256
2018-06-19,0.1752266883804767,0.08147834594754919,23.602740052983037
2018-06-20,0.10764883824137254,0.08013258080483493,23.71038889122441
2018-06-21,0.19212146583127276,0.08660856253570441,23.902510357055686
2018-06-22,0.21034360575431732,0.08993526052896984,24.112853962810004
2018-06-25,0.11091575019313864,0.09220900379555999,24.223769713003144
2018-06-26,-0.07916577417905424,0.08919789787513357,24.14460393882409
2018-06-27,-0.07119633974704367,0.08406918931028153,24.073407599077047
2018-06-28,0.028749554063327576,0.08072692714929784,24.102157153140375
2018-06-29,0.11146929540648677,0.0862581721601346,24.21362644854686
2018-07-02,0.020840298640224943,0.08556552755058319,24.234466747187085
2018-07-03,-0.09096972825905215,0.0793466721162788,24.143497018928034
2018-07-04,-0.16436865727329128,0.07040424040546306,23.979128361654745
2018-07-05,0.06742367662980898,0.06755139339000829,24.046552038284553
2018-07-06,0.029928793217680057,0.06365863062945631,24.076480831502234
2018-07-09,0.09678719721018544,0.06015481889861986,24.17326802871242
2018-07-10,-0.019915050742545688,0.054099488590816446,24.153352977969874
2018-07-11,0.1384372291861822,0.05557509652424181,24.291790207156055
2018-07-12,-0.04879470853532065,0.04882661906094935,24.242995498620733
2018-07-13,-0.020722360184523385,0.043654939548856415,24.222273138436208
2018-07-16,0.057581250865922404,0.04261705123497826,24.27985438930213
2018-07-17,0.05421762387816064,0.03656659800986246,24.33407201318029
2018-07-18,0.16321401226510715,0.03934485671104919,24.497286025445398
2018-07-19,0.1890730215515998,0.03919243449706554,24.686359046996998
2018-07-20,0.051996768702576385,0.031275092644478496,24.738355815699574
2018-07-23,-0.1138174436038802,0.02003843295462755,24.624538372095692
2018-07-24,0.027647583826222524,0.02537910085489139,24.652185955921915
2018-07-25,-0.10301367032629068,0.023788234325929036,24.549172285595624
2018-07-26,0.06544027625176582,0.02562277043535095,24.61461256184739
2018-07-27,0.048869179626200146,0.02249276464633662,24.663481741473593
2018-07-30,0.022661787790828614,0.022583839103866805,24.68614352926442
2018-07-31,0.02975794120192724,0.028620222576915773,24.71590147046635
2018-08-01,0.28628819313197784,0.05115306509717923,25.002189663598326
2018-08-02,0.1868630757521917,0.05712503505329837,25.18905273935052
2018-08-03,0.1794523479973174,0.06460121279228023,25.368505087347835
2018-08-06,0.04709693741484009,0.062116699802512956,25.415602024762673
2018-08-07,-0.03577860467013311,0.0613235221061336,25.379823420092542
2018-08-08,-0.07798694538432252,0.050502313377608354,25.30183647470822
2018-08-09,0.11052410781809621,0.0584682541952792,25.41236058252632
2018-08-10,0.12618000972874513,0.06581337269094262,25.538540592255064
2018-08-13,0.08807144639726194,0.0673378824675096,25.626612038652326
2018-08-14,-0.023071262506036135,0.06347343814829977,25.60354077614629
2018-08-15,0.011605029637446062,0.05589298901691671,25.615145805783737
2018-08-16,0.10943766548513131,0.05191122121359328,25.72458347126887
2018-08-17,0.09270484260890267,0.0539466249089096,25.81728831387777
2018-08-20,0.16333567392505813,0.06780428078535651,25.98062398780283
2018-08-21,-0.01063489145831973,0.06589015702112941,25.96998909634451
2018-08-22,0.026661546335435483,0.07237391785421571,25.996650642679946
2018-08-23,-0.02577563962494176,0.06781312206038033,25.970875003055003
2018-08-24,-0.0666138536859181,0.06203897039477442,25.904261149369084
2018-08-27,-0.06692825233371912,0.05755946838854703,25.837332897035367
2018-08-28,-0.061239857498031035,0.05300957845354911,25.776093039537336
2018-08-29,-0.09482850003785868,0.03395374379505729,25.681264539499477
2018-08-30,-0.08214799511081783,0.020503190251906816,25.599116544388657
2018-08-31,-0.131994034540833,0.004930871124999295,25.467122509847826
2018-09-03,-0.137095407558041,-0.004278746123644759,25.330027102289787
2018-09-04,-0.1459036666699024,-0.009784999223633224,25.184123435619885
2018-09-05,-0.09130165080025489,-0.010450734494429842,25.09282178481963
2018-09-06,-0.10528634758601281,-0.021241257264635292,24.987535437233618
2018-09-07,0.028601318944601394,-0.02612019180384248,25.01613675617822
2018-09-10,-0.020377617773654697,-0.03154264501238831,24.995759138404566
2018-09-11,0.07623306492119815,-0.026577428641026597,25.071992203325763
2018-09-12,0.030654545637369742,-0.02562495284103041,25.10264674896313
2018-09-13,0.12844434130115262,-0.02467461905022935,25.231091090264282
2018-09-14,0.13405056609789245,-0.022607332875779863,25.365141656362177
2018-09-17,0.14677780542079916,-0.02343522630099281,25.511919461782977
2018-09-18,0.16262418636519355,-0.014772272409817145,25.67454364814817
2018-09-19,0.1237380609883591,-0.009918446677170964,25.79828170913653
2018-09-20,0.08211733472621573,-0.00452379795961309,25.880399043862745
2018-09-21,0.05189747220091861,0.0014017683347287454,25.932296516063662
2018-09-25,0.04822966036374371,0.007159663969601887,25.980526176427407
2018-09-26,0.1603200113704074,0.018237657413023807,26.140846187797816
2018-09-27,0.07169711235619798,0.026563938032726643,26.212543300154014
2018-09-28,0.04069184555925458,0.03270593006623026,26.25323514571327
2018-10-08,0.2361042304405672,0.05111084331530027,26.489339376153836
2018-10-09,0.0763972568659477,0.061785476536499705,26.565736633019785
2018-10-10,0.18135720317458712,0.07814852002872417,26.747093836194374
2018-10-11,0.2519572953736655,0.0953114673374202,26.999051131568038
2018-10-12,0.15913980692954638,0.10853277506319817,27.158190938497583
2018-10-15,0.11658638797875541,0.11293202851490587,27.27477732647634
2018-10-16,0.05471070536187519,0.11668644467168236,27.329488031838213
2018-10-17,-0.05211933996923,0.11026882442716095,27.277368691868983
2018-10-18,-0.04740116910725935,0.10636603868992951,27.229967522761722
2018-10-19,-0.15113153933896237,0.09238724465792374,27.07883598342276
2018-10-22,-0.09637628197315291,0.08086590225437149,26.982459701449606
2018-10-23,0.07713768595055014,0.07738389628085904,27.059597387400157
2018-10-24,0.16178043740123108,0.07734170883266091,27.221377824801387
2018-10-25,0.0946100011898452,0.0758853058427352,27.315987825991233
2018-10-26,0.13658818712422963,0.07860884846263591,27.45257601311546
2018-10-29,0.064419388845903,0.07923494429488512,27.516995401961363
2018-10-30,0.08755421908295383,0.08120117223084564,27.604549621044317
2018-10-31,0.10569381944837998,0.07846986263474426,27.710243440492697
2018-11-01,-0.03367747810711673,0.07320113311157853,27.67656596238558
2018-11-02,0.005031333125357132,0.07141810748988366,27.681597295510937
2018-11-05,0.16843083081918586,0.06803443750881458,27.850028126330123
2018-11-06,0.11524159681525782,0.06997665450628009,27.965269723145383
2018-11-07,0.1773829527999277,0.06977794198754712,28.14265267594531
2018-11-08,0.43340193282197753,0.07885017385996271,28.576054608767286
2018-11-09,0.41456217948242796,0.0916212924876068,28.990616788249714
2018-11-12,0.27114661504853493,0.09934930384109578,29.26176340329825
2018-11-13,0.08394400112383145,0.10081096862919359,29.345707404422082
2018-11-14,-0.03657477836043883,0.10158819670963315,29.309132626061643
2018-11-15,-0.09871841860776331,0.09902233423460796,29.21041420745388
2018-11-16,-0.1890258171841363,0.09712762034234926,29.021388390269745
2018-11-19,-0.05741166175562548,0.09907585135322564,28.96397672851412
2018-11-20,0.0004756677297304137,0.09524275044218464,28.96445239624385
2018-11-21,-0.08755788897971023,0.08277583412313758,28.87689450726414
2018-11-22,-0.09049462740740603,0.07352060269327501,28.786399879856734
2018-11-23,0.04222323476603073,0.06880235507536506,28.828623114622765
2018-11-26,0.14310222122336355,0.07273649669423808,28.971725335846127
2018-11-27,0.0494798707345572,0.07083277927681826,29.021205206580685
2018-11-28,0.13740149840777086,0.07241816322478781,29.158606704988458
2018-11-29,-0.023176571355758287,0.07294320856235573,29.1354301336327
2018-11-30,0.0732506371637782,0.07635417376427678,29.208680770796477
2018-12-03,0.0049382075476692945,0.06817954260070096,29.213618978344147
2018-12-04,0.07307787714331454,0.06607135661710378,29.286696855487463
2018-12-05,0.07760991358733452,0.06108270465647413,29.364306769074798
2018-12-06,0.06514741340589425,0.04266997868566997,29.429454182480693
2018-12-07,0.059558486008910866,0.024919794011994113,29.489012668489604
2018-12-10,0.13893956930062443,0.018309441724598585,29.62795223779023
2018-12-11,0.058708147555949615,0.017047649046204493,29.68666038534618
2018-12-12,0.08725572027723529,0.023239173978088203,29.773916105623414
2018-12-13,0.16502868918986335,0.036426529367969536,29.938944794813278
2018-12-14,0.06732895060957968,0.04924426775765533,30.006273745422856
2018-12-17,0.020839806873041416,0.05315684118908868,30.027113552295898
2018-12-18,-0.009342325576573166,0.052665941523773505,30.017771226719326
2018-12-19,0.05685878224921896,0.05988677508521996,30.074630008968544
2018-12-20,-0.036729097440735686,0.06257505158355348,30.03790091152781
2018-12-21,-0.016562170865502737,0.05963578130197681,30.02133874066231
2018-12-24,-0.06547006373131121,0.049207167054243064,29.955868676930997
2018-12-25,0.09929880195913016,0.051698113615471705,30.055167478890127
2018-12-26,0.17633212971818565,0.053644645180992455,30.231499608608313
2018-12-27,0.20110777006757827,0.06485886225215928,30.432607378675893
2018-12-28,0.1638992275129199,0.06939129176961636,30.596506606188814
2019-01-02,0.11094882480675385,0.0746918226325706,30.70745543099557
2019-01-03,0.1668669358810204,0.07938127556945589,30.87432236687659
2019-01-04,0.028449349995153406,0.07692324738984682,30.902771716871744
2019-01-07,-0.014082526590801898,0.07296175039001203,30.888689190280942
2019-01-08,-0.027502092275208445,0.06860872147580606,30.861187098005733
2019-01-09,-0.0889437877119485,0.0572145536251774,30.772243310293785
2019-01-10,-0.14739000306634972,0.046909646094062445,30.624853307227436
2019-01-11,-0.15884624341047296,0.03460454790967703,30.466007063816964
2019-01-14,0.05714971785329092,0.02921059934284841,30.523156781670256
2019-01-15,-0.05335685323980008,0.02317630915037942,30.469799928430454
2019-01-16,-0.0456988663258549,0.019849375490434605,30.4241010621046
2019-01-17,-0.006294248783727826,0.020001779330076873,30.417806813320873
2019-01-18,-0.0952540509490559,0.01239613767016313,30.322552762371817
2019-01-21,0.04183883292048078,0.016324534188223952,30.364391595292297
2019-01-22,0.040478606854331876,0.019176573074215685,30.40487020214663
2019-01-23,-0.03722963827940582,0.02058859434681095,30.367640563867223
2019-01-24,0.0435474304714241,0.01780102577242565,30.411187994338647
2019-01-25,0.1873066137163126,0.018349749972331998,30.59849460805496
2019-01-28,0.14810436156489515,0.01569957954719784,30.746598969619853
2019-01-29,0.026810031380507585,0.008845119740577225,30.77340900100036
2019-01-30,0.05358047092581653,0.005976702046530359,30.826989471926176
2019-01-31,-0.019755399255194688,-0.003354414710280395,30.80723407267098
2019-02-01,0.0916064845701708,-0.000196557981529525,30.89884055724115
2019-02-11,-0.09568993193981969,-0.0042769282489804146,30.80315062530133
2019-02-12,-0.061898934609711895,-0.0059967703657055876,30.74125169069162
2019-02-13,0.07897560663234456,0.002399199351509065,30.820227297323964
2019-02-14,0.01939912501983703,0.010738655755818404,30.8396264223438
2019-02-15,0.0022060032018716242,0.018791268086435633,30.84183242554567
2019-02-18,-0.12822042423390193,0.00952276098207599,30.71361200131177
2019-02-19,-0.08448976059987054,0.007966115614072466,30.6291222407119
2019-02-20,-0.00026545069419415786,0.010237786395655504,30.628856790017707
2019-02-21,0.1584632617258328,0.018475661921133535,30.78732005174354
2019-02-22,0.261245733654297,0.03630065115130118,31.048565785397834
2019-02-25,0.07684371356387941,0.038050895183471115,31.125409498961712
2019-02-26,-0.15814834235233094,0.02811954772313797,30.967261156609382
2019-02-27,-0.028122224499555926,0.028574918412130466,30.939138932109827
2019-02-28,0.1880297312612276,0.035799033451620645,31.127168663371055
2019-03-01,0.1803620609700144,0.03545180581430573,31.30753072434107
2019-03-04,0.14421902189857294,0.03525753883098963,31.451749746239642
2019-03-05,0.0785539702591896,0.03784473577492372,31.530303716498832
2019-03-06,-0.0032161054846807677,0.035004906954398854,31.52708761101415
2019-03-07,0.03101555718253867,0.037543454776285526,31.558103168196688
2019-03-08,0.12091866746564708,0.039009063921059337,31.679021835662336
2019-03-11,0.2945628390339098,0.05852170246974582,31.973584674696244
2019-03-12,0.13038682146987993,0.0681359902737254,32.103971496166125
2019-03-13,-0.1398337714944201,0.05719552136738717,31.964137724671705
2019-03-14,0.06884184214236508,0.05966765722351358,32.03297956681407
2019-03-15,0.0602735446032201,0.06257103429358099,32.09325311141729
2019-03-18,0.15468591819739544,0.07671635141514586,32.247939029614685
2019-03-19,0.17930742297259789,0.08990621059376928,32.42724645258728
2019-03-20,0.24943703253317615,0.1023913347551378,32.676683485120456
2019-03-21,0.33656712470647276,0.1112965279041698,33.013250609826926
2019-03-22,0.0807784974809854,0.10227316609550421,33.09402910730791
2019-03-25,0.19445621047607686,0.10815379094111408,33.28848531778399
2019-03-26,0.15120116712434525,0.1236212664149479,33.439686484908336
2019-03-27,0.1856219532289243,0.1343084753013719,33.62530843813726
2019-03-28,0.2364826444415661,0.13673112096038884,33.861791082578826
2019-03-29,0.1370585422705314,0.1345659450254147,33.998849624849356
2019-04-01,0.12384410125077226,0.13354719899302464,34.12269372610013
2019-04-02,-0.08075515985801819,0.12558174248716428,34.041938566242116
2019-04-03,-0.1256086821533653,0.11946211365373002,33.91632988408875
2019-04-04,-0.0843204570206849,0.11369531294356887,33.832009427068066
2019-04-08,-0.07320477782145905,0.10398914067921354,33.758804649246606
2019-04-09,0.0021451295818972114,0.08936825520661293,33.760949778828504
2019-04-10,0.08355061054923801,0.08702644466058082,33.84450038937774
2019-04-11,-0.04393388300293468,0.0918214390851551,33.80056650637481
2019-04-12,-0.1324121696263887,0.08175873849671741,33.668154336748415
2019-04-15,0.10962186923420782,0.0842261547282668,33.777776205982626
2019-04-16,0.0471087123017757,0.07884729443348582,33.824884918284404
2019-04-17,0.07768617826303288,0.07376623219800757,33.90257109654744
2019-04-18,-0.09799526196414948,0.05639461747314127,33.80457583458329
2019-04-19,-0.10117922525501857,0.03450729997506671,33.70339660932827
2019-04-24,-0.31793922734086466,0.01457141373397421,33.38545738198741
2019-04-25,-0.3458849885744335,-0.012445646218551308,33.039572393412975
2019-04-30,0.019421280216092695,-0.019034640563963937,33.05899367362907
2019-05-06,0.2516003103542849,-0.01573572270769591,33.31059398398335
2019-05-07,0.3100997237368359,-0.012054868742932417,33.620693707720186
2019-05-08,0.22536245919903106,-0.0076396728965074335,33.84605616691922
2019-05-09,0.0971382577415444,-0.00897496507196883,33.94319442466076
2019-05-10,0.04920678461468442,-0.0024768678483336978,33.99240120927544
2019-05-13,-0.15057626537716673,-0.0037252470095237695,33.841824943898274
2019-05-14,-0.15598946173181344,-0.007308697245080197,33.68583548216646
2019-05-15,-0.20215627634611763,-0.013756272171313125,33.483679205820344
2019-05-16,-0.14026123091191575,-0.020876590196003776,33.34341797490843
2019-05-17,-0.060548738860267744,-0.028081557666479063,33.28286923604816
2019-05-20,0.20459211099521651,-0.015655257966571502,33.48746134704337
2019-05-21,0.03339787405224134,-0.00736475578264,33.52085922109561
2019-05-22,0.1510013648754944,-0.005295781000575671,33.67186058597111
2019-05-23,0.15682535306379888,0.00019005103752548768,33.82868593903491
2019-05-24,0.21010110893964998,0.006810797571356342,34.03878704797456
2019-05-27,-0.02805955792223116,0.01030758277345226,34.010727490052325
2019-05-28,-0.08364760525344785,0.011184163773530797,33.92707988479888
2019-05-29,-0.21428132280670176,0.016367059000238944,33.71279856199218
2019-05-30,-0.14314156847430212,0.02650423000524551,33.56965699351788
2019-05-31,-0.18597332765228103,0.016234499611826825,33.383683665865604
2019-06-03,0.007197503664189271,0.004014359277322046,33.39088116952979
2019-06-04,-0.06526716757155589,-0.014753985288097543,33.325614001958236
2019-06-05,0.09991353785176141,-0.021026431355461027,33.42552753981
2019-06-06,0.06473084633696002,-0.022646801925690248,33.490258386146955
2019-06-10,0.06315901991683531,-0.0219491901605827,33.553417406063794
2019-06-11,0.040557291322126474,-0.01239251232561804,33.59397469738592
2019-06-12,-0.12696692425331915,-0.010941385451693326,33.4670077731326
2019-06-13,-0.06680043785757234,-0.004173593527266062,33.40020733527503
2019-06-14,-0.010124650440748565,0.0023332354962922975,33.390082684834276
2019-06-17,-0.05934572583977835,0.0023933861473167664,33.3307369589945
2019-06-18,-0.1292199601233038,-0.014297217408609248,33.2015169988712
2019-06-19,0.03586827042929477,-0.014173697589756576,33.237385269300496
2019-06-20,0.033289665479739834,-0.020059282559544304,33.27067493478024
2019-06-21,-0.04265579976610444,-0.030033340201039472,33.22801913501414
2019-06-24,0.24082327099283177,-0.028497232098380388,33.46884240600697
2019-06-25,0.12591395409277706,-0.020798556497629968,33.59475636009975
2019-06-26,0.048743111403750525,-0.014179020664770054,33.6434994715035
2019-06-27,-0.10345748184785636,-0.008637828616827783,33.54004198965565
2019-06-28,-0.07958978621773755,-0.005460239503999554,33.46045220343791
2019-07-01,0.1558712207410724,0.011631987915668118,33.61632342417898
2019-07-02,0.08646939506025535,0.01559558248547142,33.702792819239235
2019-07-03,0.12818229725967467,0.025268055727032952,33.83097511649891
2019-07-04,0.16291415141815832,0.028418086405352795,33.99388926791707
2019-07-05,0.05033558047965637,0.02769832311248761,34.04422484839672
2019-07-08,0.14358204644464637,0.03171947443887817,34.18780689484137
2019-07-09,-0.07559619133282168,0.025911800306130755,34.11221070350855
2019-07-10,-0.04179157487202088,0.030170567775195674,34.07041912863653
2019-07-11,-0.15434352222990538,0.02579341355657902,33.91607560640662
2019-07-12,-0.0786810484682717,0.022365593655202864,33.83739455793835
2019-07-15,-0.11572259366500377,0.01954675026394159,33.72167196427335
2019-07-16,0.05691890563408379,0.028853693551810965,33.77859086990743
2019-07-17,-0.04206318630052461,0.02495712071532,33.73652768360691
2019-07-18,0.09859398932239855,0.02822233690745294,33.835121672929304
2019-07-19,0.006175830501162414,0.030663918420816276,33.84129750343047
2019-07-22,-0.013207002203054924,0.017962404761021948,33.828090501227415
2019-07-23,-0.04342763418640344,0.00949532534706292,33.784662867041014
2019-07-24,0.04521932697472024,0.009319136125611407,33.82988219401573
2019-07-25,0.062097216447868274,0.017596871040397637,33.8919794104636
2019-07-26,0.14808729502472948,0.028980725102520987,34.04006670548833
2019-07-29,0.19962006028275076,0.03116816707960491,34.23968676577108
2019-07-30,0.15805572339199297,0.03474748349619179,34.39774248916308
2019-07-31,0.1799752542970485,0.03733713134806048,34.57771774346013
2019-08-01,0.11378065886712034,0.03488045672050859,34.69149840232725
2019-08-02,0.1497065293463668,0.039849004163844105,34.841204931673616
2019-08-05,0.22466072147803687,0.043902937915513626,35.065865653151654
2019-08-06,0.14436046104764347,0.05490077053453688,35.2102261141993
2019-08-07,0.0429167473743588,0.05913618664685587,35.25314286157366
2019-08-08,0.10296324793400506,0.07200152515505139,35.356106109507664
2019-08-09,0.09869221932496589,0.08087018854471327,35.45479832883263
2019-08-12,-0.028071972123549553,0.08525271962178597,35.42672635670908
2019-08-13,-0.07782905910073397,0.07851532138504509,35.348897297608346
2019-08-14,-0.06840455439499148,0.07719825298032175,35.28049274321335
2019-08-15,-0.008292225466428615,0.0718539422408804,35.272200517746924
2019-08-16,0.029368316404019837,0.07301356653602327,35.30156883415094
2019-08-19,0.2266760611821373,0.08500771970528288,35.52824489533308
2019-08-20,0.11694617926815325,0.09302641037801071,35.645191074601236
2019-08-21,0.16836925325428614,0.09918390669198901,35.81356032785552
2019-08-22,0.10001529114767992,0.10107981042697958,35.9135756190032
2019-08-23,-0.08154591136467411,0.0895981501075094,35.832029707638526
2019-08-26,-0.11891270931748482,0.07367151162749762,35.71311699832104
2019-08-27,-0.04623433692494465,0.06345700861165074,35.666882661396095
2019-08-28,-0.10431323214165775,0.04924258428971544,35.56256942925444
2019-08-29,-0.0918524890073782,0.038960926895990504,35.47071694024706
2019-08-30,0.2516041828200121,0.044055809569672776,35.72232112306707
2019-09-02,0.05200819084101426,0.035423183037821646,35.77432931390808
2019-09-03,-0.020200731437698752,0.02719512341355453,35.754128582470386
2019-09-04,-0.06896697313386364,0.021600937388143414,35.685161609336525
2019-09-05,-0.010842895847050324,0.015910630199090642,35.67431871348948
2019-09-06,-0.12632407045107572,0.004659815710288562,35.5479946430384
2019-09-09,0.060195827638760094,0.009073205698404044,35.60819047067716
2019-09-10,-0.03342846001544469,0.011293235652668506,35.574762010661715
2019-09-11,0.049411014762920875,0.017184014110564125,35.62417302542464
2019-09-12,0.04726109626756027,0.01996168019726357,35.6714341216922
2019-09-16,-0.1320667403901109,0.01188992735755703,35.53936738130209
2019-09-17,-0.0026522902152943313,0.0004235097876854503,35.5367150910868
2019-09-18,-0.0897190251472756,-0.009909750433085993,35.44699606593952
2019-09-19,-0.037296020615215,-0.02019301412656105,35.40970004532431
2019-09-20,0.08662454202604135,-0.02086255158264298,35.49632458735035
2019-09-23,-0.014762739807456422,-0.017523393004782093,35.48156184754289
2019-09-24,-0.03045012658943263,-0.013100263868379484,35.451111720953456
2019-09-25,-0.17911141157576208,-0.019744117600920354,35.272000309377695
2019-09-26,0.014988296606821282,-0.013779041163496403,35.28698860598452
2019-09-27,-0.005809815836176082,-0.009476907504936297,35.281178790148346
2019-09-30,0.08802867313695222,-0.017655682989089292,35.3692074632853
2019-10-08,0.18558613612894895,-0.010976785724692559,35.554793599414246
2019-10-09,0.1341901709608995,-0.0032572406047626456,35.688983770375145
2019-10-10,0.1860616475254957,0.009494190428205321,35.875045417900644
2019-10-11,0.18036359056476964,0.019054514748796318,36.05540900846541
2019-10-14,0.2541297994737204,0.03807720824503612,36.309538807939134
2019-10-15,0.22734363744095049,0.04643459873514564,36.53688244538009
2019-10-16,0.14487964111036422,0.055350003791436085,36.68176208649045
2019-10-17,0.12433434189709155,0.059096170148144625,36.80609642838754
2019-10-18,0.09847222169171703,0.06165672641935246,36.904568650079256
2019-10-21,-0.08516817003467597,0.0640016549371242,36.81940048004458
2019-10-22,-0.014980159572328922,0.06338526146927247,36.804420320472246
2019-10-23,-0.06897728863706498,0.06442234829478301,36.73544303183518
2019-10-24,-0.03323947782647299,0.06462517543422011,36.70220355400871
2019-10-25,0.08423721851304061,0.06450580925857008,36.78644077252175
2019-10-28,0.06571540531662558,0.06852971651477417,36.852156177838374
2019-10-29,0.02844451911412265,0.07147444879995193,36.8806006969525
2019-10-30,0.03954473000116772,0.08240725587879842,36.92014542695367
2019-10-31,0.05011018311812532,0.08416335020436364,36.970255610071796
2019-11-01,-0.06542841130336417,0.08118242043100422,36.90482719876843
2019-11-04,-0.036955864210193874,0.07493319356364692,36.86787133455824
2019-11-05,-0.06324346379212036,0.062491713567593456,36.80462787076612
2019-11-06,0.06324139057893233,0.05894427454849509,36.86786926134505
2019-11-07,0.07623795617739247,0.05345308998108993,36.94410721752244
2019-11-08,0.15202901482830888,0.05203636119426689,37.09613623235075
2019-11-11,0.11789253338773477,0.045224497889967616,37.21402876573848
2019-11-12,0.08828445367759775,0.03827153870179998,37.30231321941608
2019-11-13,0.05438207850152266,0.033746660571357896,37.356695297917604
2019-11-14,0.020507782182886465,0.02855533258564764,37.37720308010049
2019-11-15,0.028824690228031098,0.025072956012463343,37.40602777032852
2019-11-18,0.23028679600864876,0.04084570431462958,37.63631456633717
2019-11-19,0.2351517605281713,0.0533523003196546,37.87146632686534
2019-11-20,-0.014993515422078283,0.05605148898040393,37.85647281144326
2019-11-21,-0.04358606785647916,0.05553415947890361,37.81288674358678
2019-11-22,-0.12318096883095855,0.04516325011170367,37.68970577475582
2019-11-25,-0.04501207866847904,0.03962687591244843,37.644693696087344
2019-11-26,0.04309129109855726,0.04035921451167016,37.6877849871859
2019-11-27,0.03080086787177727,0.03992202140520064,37.718585855057675
2019-11-28,0.02831039323016443,0.038832031910802596,37.74689624828784
2019-11-29,-0.09937855532007056,0.037134524709967275,37.64751769296777
2019-12-02,-0.21701134400503175,0.028131750720225383,37.43050634896274
2019-12-03,-0.17780031348629263,0.022403908235516766,37.25270603547644
2019-12-04,-0.1111983755692659,0.013681919928106856,37.14150765990718
2019-12-05,-0.11022505118775285,0.0043587695598495905,37.03128260871942
2019-12-06,-0.042537701855504095,-0.005369566274341058,36.98874490686392
2019-12-09,-0.15974984268562653,-0.019251685078009124,36.828995064178294
2019-12-10,-0.06340973834410032,-0.026836394679094027,36.765585325834195
2019-12-11,0.10618645418797483,-0.02424617589477142,36.87177178002217
2019-12-12,0.08522735504280034,-0.021010197251775727,36.956999135064976
2019-12-13,0.0022865955730477995,-0.02233710198452489,36.95928573063802
2019-12-16,-0.11518632191498422,-0.03961075788070654,36.84409940872304
2019-12-17,0.051522318101624165,-0.048792230002033886,36.895621726824665
2019-12-18,-0.06300142124637127,-0.05119262529324855,36.832620305578295
2019-12-19,-0.09594520341034539,-0.05381058207094186,36.73667510216795
2019-12-20,-0.11975590817484445,-0.05363932903813615,36.616919193993105
2019-12-23,0.00043861091921891353,-0.05136679455875125,36.617357804912324
2019-12-24,-0.0873135703883586,-0.05788703763309705,36.53004423452396
2019-12-25,-0.01582083092137639,-0.06021812257275474,36.514223403602585
2019-12-26,-0.06146092051362754,-0.06470668825994433,36.45276248308896
2019-12-27,0.011029894975076901,-0.05918626574518695,36.463792378064035
2019-12-30,-0.0786188478281497,-0.052266640936342854,36.38517353023588
2019-12-31,0.03449371893294452,-0.04165193931538099,36.419667249168825
2020-01-02,-0.1297920791099095,-0.04258162449241317,36.28987517005891
2020-01-03,-0.07311455766251473,-0.040726099816151266,36.2167606123964
2020-01-06,-0.1701229035057503,-0.04710535989866358,36.04663770889065
2020-01-07,0.01580620959934254,-0.03832755728441513,36.06244391848999
2020-01-08,0.06307890476610459,-0.03200312512890488,36.12552282325609
2020-01-09,0.0802977916962826,-0.0332975582534895,36.20582061495237
2020-01-10,0.034973785893139,-0.03581023671097256,36.24079440084551
2020-01-13,-0.0392020891033043,-0.037884670944790165,36.2015923117422
2020-01-14,-0.019750384269406087,-0.033112874062511254,36.181841927472796
2020-01-15,-0.1477583480233148,-0.04307690736875821,36.03408357944948
2020-01-16,-0.1181699590231187,-0.045835334257595575,35.91591362042636
2020-01-17,0.027817765620738958,-0.03964718580604136,35.9437313860471
2020-01-20,0.012155176179339673,-0.03305163158833216,35.95588656222644
2020-01-21,0.020367552354429365,-0.032055184516571626,35.97625411458087
2020-01-22,-0.07358248441969487,-0.031368630218138446,35.90267163016117
2020-01-23,0.16875777539938125,-0.022139699902100563,36.07142940556055
2020-02-03,0.23229349319867673,-0.007451979216485348,36.303722898759226
2020-02-04,0.25440094236213334,0.004716573152867473,36.55812384112136
2020-02-05,0.3797221694254147,0.027633624015545692,36.93784601054677
2020-02-06,-0.012077530226339252,0.025305061557581505,36.92576848032043
2020-02-07,-0.16918389413584398,0.023335470806284783,36.75658458618459
2020-02-10,-0.010525787648492943,0.02646490930698587,36.7460587985361
2020-02-11,0.01862979194217967,0.03590254407938237,36.76468859047828
2020-02-12,-0.09096968535024025,0.03056374933190323,36.67371890512804
2020-02-13,-0.01516557979342513,0.026651525103926745,36.658553325334616
2020-02-14,0.12497984211327848,0.02888562762477654,36.78353316744789
2020-02-17,-0.19513921608293805,0.017379977525972683,36.58839395136496
2020-02-18,-0.2807184353466035,0.005304160213807724,36.30767551601835
2020-02-19,-0.005488848584916224,0.006017236998032216,36.30218666743343
2020-02-20,-0.020460820614481578,0.012382113368473875,36.28172584681895
2020-02-21,-0.03478206872240563,0.01655150788350953,36.246943778096544
2020-02-24,0.12101134820170314,0.021211187012557742,36.36795512629825
2020-02-25,0.3304518010462532,0.03712601825590341,36.6984069273445
2020-02-26,-0.10374387940042308,0.030920446668160795,36.594663047944074
2020-02-27,0.011271180537929294,0.035163129916042,36.605934228482006
2020-02-28,0.027897231172613047,0.0281201027047036,36.63383145965462
2020-03-02,0.05617612621976793,0.019314234355758155,36.69000758587439
2020-03-03,0.053045797979173484,0.00924647713661016,36.743053383853564
2020-03-04,-0.19883744048932186,-0.01968150335912667,36.54421594336424
2020-03-05,-0.003315125367938911,-0.01924338311620665,36.5409008179963
2020-03-06,0.17460761922385792,-0.002053807448221556,36.71550843722016
2020-03-09,-0.13312263512361883,-0.008183649821977852,36.58238580209654
2020-03-10,0.037848257807016936,-0.007222726528735987,36.62023405990355
2020-03-11,-0.037021124648905876,-0.004525298493669269,36.58321293525464
2020-03-12,0.19767495795876414,0.006116728393940194,36.78088789321341
2020-03-13,0.04375672526458358,0.0020555725515054492,36.824644618478
2020-03-16,-0.05093281882536212,0.009265892414384247,36.77371179965264
2020-03-17,-0.025405288728614493,0.022031549745283697,36.748306510924024
2020-03-18,0.04964974782517047,0.024788479565788033,36.797956258749196
2020-03-19,0.02073203216574574,0.026848122204799395,36.81868829091494
2020-03-20,-0.0517141927246177,0.026001516004688797,36.766974098190325
2020-03-23,-0.09229935759196041,0.015335980715005618,36.67467474059836
2020-03-24,-0.10278005745656857,-0.006325612210135471,36.57189468314179
2020-03-25,-0.03008106169521578,-0.0026424713248751064,36.54181362144658
2020-03-26,0.04032170344081104,-0.001189945179731019,36.58213532488739
2020-03-27,0.17953511086927568,0.006391948805102113,36.76167043575666
2020-03-30,0.2146156381190729,0.01431392440006736,36.976286073875734
2020-03-31,0.33334907669933156,0.028329088336075264,37.30963515057507
2020-04-01,0.21295510121623773,0.048918715421353245,37.52259025179131
2020-04-02,0.07442443935388421,0.0528056936574444,37.59701469114519
2020-04-03,-0.037105753161785,0.04222002503816225,37.55990893798341
2020-04-07,-0.061059594137736345,0.04582317708745638,37.49884934384567
2020-04-08,-0.03775808240055545,0.04204286007707776,37.46109126144511
2020-04-09,0.03876437005101776,0.04583213481207394,37.49985563149613
2020-04-10,0.18196369253251332,0.0450465715407614,37.681819324028645
2020-04-13,0.19465080530245188,0.05259127554265482,37.876470129331096
2020-04-14,0.09978787012108124,0.060127309989976986,37.97625799945218
2020-04-15,0.1073203289167436,0.06676359087224489,38.08357832836892
2020-04-16,0.17571007122507623,0.07306660704224018,38.259288399594
2020-04-17,0.17537244675792454,0.08079862777184912,38.434660846351925
2020-04-20,0.22047619365666693,0.09440814709091334,38.65513704000859
2020-04-21,-0.020595654808696257,0.09799333223007656,38.634541385199896
2020-04-22,-0.017722280409093606,0.1022462210824503,38.6168191047908
2020-04-23,0.019973666475199756,0.10474895749097109,38.636792771266
2020-04-24,0.10155094730308516,0.10781041968408478,38.738343718569084
2020-04-27,0.06810926227839209,0.10223912725454061,38.806452980847475
2020-04-28,0.22515297896615888,0.1027659942968949,39.03160595981363
2020-04-29,0.10558923883426505,0.09137800240364158,39.137195198647895
2020-04-30,0.028608425618473845,0.0821606686237534,39.16580362426637
2020-05-06,-0.057008383733729746,0.07558902746937268,39.108795240532636
2020-05-07,-0.06841978392850033,0.07402332593103692,39.04037545660414
2020-05-08,-0.07437293309095794,0.07335765898337585,38.96600252351318
2020-05-11,-0.0897226401810071,0.07075943109435326,38.876279883332174
2020-05-12,-0.047535422139006765,0.06644444148485204,38.82874446119317
2020-05-13,-0.019455085065456467,0.05637350260495354,38.80928937612771
2020-05-14,-0.015906914791640928,0.045845616600248905,38.793382461336066
2020-05-15,0.05928901792083446,0.043820673990236564,38.8526714792569
2020-05-18,-0.04645151133313792,0.036132081977742495,38.80621996792376
2020-05-19,-0.05782673187989463,0.024455241822493944,38.74839323604387
2020-05-20,-0.0948818818751962,0.010942525390837909,38.65351135416867
2020-05-21,-0.0047261096267560265,-0.0003175897733332398,38.64878524454191
2020-05-22,0.016102380834608316,0.0015173120088319888,38.66488762537652
2020-05-25,0.006613864669610958,0.002734119262767217,38.67150149004613
2020-05-26,0.0954287811065047,0.006506874994332465,38.76693027115264
2020-05-27,-0.054558593148925236,-0.0012986020282680553,38.71237167800371
2020-05-28,-0.023134170191811496,-0.005860773651778234,38.6892375078119
2020-05-29,-0.038959579612715754,-0.019066401580721964,38.65027792819919
2020-06-01,0.15032011564317888,-0.016829857740276278,38.80059804384236
2020-06-02,-0.0344956593725081,-0.019985061989825373,38.76610238446985
2020-06-03,-0.05293628522213092,-0.01978145706424543,38.71316609924772
2020-06-04,-0.07001866826441577,-0.0198614012810412,38.643147430983305
2020-06-05,-0.009539138847836411,-0.016619711568885125,38.63360829213547
2020-06-08,0.052996670298738446,-0.009483746044897847,38.68660496243421
2020-06-09,-0.03709246210110592,-0.008961598043002807,38.6495125003331
2020-06-10,-0.0034720276682860696,-0.008162445173144286,38.646040472664815
2020-06-11,-0.0550519096977675,-0.010119694918450616,38.59098856296705
2020-06-12,-0.17477367857317738,-0.021822829743151206,38.416214884393874
2020-06-15,-0.057767679079936504,-0.022388638130491138,38.35844720531394
2020-06-16,-0.09637278357426836,-0.024315940715209823,38.26207442173967
2020-06-17,0.03383893795241167,-0.017879899723829428,38.29591335969208
2020-06-18,0.027451203540401065,-0.016271034065471576,38.32336456323248
2020-06-19,0.06839130456874828,-0.013656587878764576,38.39175586780123
2020-06-22,-0.010224034130169155,-0.014498482818753582,38.38153183367106
2020-06-23,0.1116542689268685,-0.013687208427735392,38.49318610259793
2020-06-24,0.147836701638485,-0.00356744368836488,38.641022804236414
2020-06-29,0.17669547601536134,0.00642403862199376,38.817718280251775
2020-06-30,0.17921524136929606,0.01733277967109435,38.996933521621074
2020-07-01,0.14275314127708216,0.016954430952789517,39.13968666289816
2020-07-02,-0.005921873579651101,0.018383120242432365,39.133764789318505
2020-07-03,-0.16012379050456033,0.013023744978310894,38.97364099881394
2020-07-06,-0.10446435184406705,0.01130146079932833,38.869176646969876
2020-07-07,-0.20786480939563637,0.0013851772719383343,38.66131183757424
2020-07-08,-0.13887506043901,-0.008208409264949087,38.522436777135226
2020-07-09,0.003950151756434025,-0.0061562785720720905,38.52638692889166
2020-07-10,0.03552433439921384,-0.0042064604686970946,38.561911263290874
2020-07-13,0.30052762217206264,0.013572516124794412,38.862438885462936
2020-07-14,0.10663398775505105,0.02764289944120583,38.96907287321799
2020-07-15,0.03330234118527524,0.03219640045446642,39.002375214403266
2020-07-16,0.08049312440663343,0.04103969585351151,39.0828683388099
2020-07-17,-0.025141078462185027,0.03809069503278168,39.05772726034772
2020-07-20,0.09878814305655875,0.04165754200858956,39.15651540340428
2020-07-21,-0.08648438136377067,0.03391375771196361,39.07003102204051
2020-07-22,-0.16372794215305736,0.026238562310819204,38.90630307988745
2020-07-23,-0.05240464352853741,0.018035616688048907,38.85389843635891
2020-07-24,0.037980227248873275,0.01254279296856832,38.891878663607784
2020-07-27,0.14546050830463816,0.010981044583032163,39.03733917191242
2020-07-28,0.1288369310161078,0.00846212906537275,39.16617610292853
2020-07-29,-0.0430393432956925,-0.000827495163265984,39.12313675963284
2020-07-30,0.13462912214573242,0.006200054623003192,39.257765881778575
2020-07-31,0.022481646525442135,0.015330326474503317,39.28024752830402
