datetime,strategy_zero_cost,SH000300_benchmark,strategy_excess
2017-01-03,0.0,0.00971269600000002,-0.00971269600000002
2017-01-04,0.011038928378329205,0.017591687825938784,-0.006508396951236506
2017-01-05,0.014567441707692863,0.017434596061011165,-0.002887752280276823
2017-01-06,0.010932026216188273,0.011356143879293068,-0.0005035814983891385
2017-01-09,0.016716961639547057,0.01625932245708306,0.00037023387712897815
2017-01-10,0.0100916159230382,0.014558471424157116,-0.004474331403002574
2017-01-11,0.00205908978507674,0.007377313947426689,-0.0053445839389220096
2017-01-12,-0.004712066006714144,0.0022776859038222685,-0.007030485106566342
2017-01-13,-0.011568240674710295,0.002969599283786817,-0.014556176600953208
2017-01-16,-0.01965031235036574,0.0028305471773542035,-0.022477194610816542
2017-01-17,-0.013954893026712822,0.004918191474035716,-0.018833158143693685
2017-01-18,-0.01336407972722542,0.008848564797633962,-0.02208274630439233
2017-01-19,-0.013303371378128537,0.005803296891575549,-0.019070674471032723
2017-01-20,0.0007164397863732574,0.013537277513151924,-0.012675525749530903
2017-01-23,0.007986090652821076,0.01631354970188048,-0.008207630411892763
2017-01-24,0.0037662722940954296,0.016425374858592745,-0.012468782698485614
2017-01-25,0.009429996009129749,0.019884581435401394,-0.010257535753869451
2017-01-26,0.015483873025563089,0.023527960816492444,-0.007857432556025112
2017-02-03,0.008429229050571863,0.01643748089851016,-0.007876864786592552
2017-02-06,0.013152087285824399,0.01907193275707697,-0.005801806961102773
2017-02-07,0.012588795587880952,0.016797105766521048,-0.004135258188614377
2017-02-08,0.01830328162330863,0.022117206835269076,-0.0037257318190658806
2017-02-09,0.02217322407281186,0.026044542768998147,-0.003767546277276268
2017-02-10,0.027354690066131004,0.031240810123180918,-0.0037628637817492816
2017-02-13,0.036387536399443476,0.038122749469949646,-0.001651957295332629
2017-02-14,0.03500738960225047,0.03798074189764322,-0.002844880599246702
2017-02-15,0.028046427567875787,0.03372406695156105,-0.0054620140898560265
2017-02-16,0.03490408020267077,0.03953051829441945,-0.004414224006141554
2017-02-17,0.02771036770750901,0.03364237897049893,-0.005695405165995204
2017-02-20,0.03916203588308487,0.04873273492413466,-0.009132029610437242
2017-02-21,0.04704271738246146,0.05218575100707623,-0.004880088114057157
2017-02-22,0.04755932628195714,0.05428231876303102,-0.006371957146662499
2017-02-23,0.0452376282205067,0.049315686798184766,-0.0038932327335435835
2017-02-24,0.04889705151852097,0.04947579966477722,-0.0005578125887656382
2017-02-27,0.04324613956536738,0.041128580848556195,0.002006978876814447
2017-02-28,0.04574751815110312,0.04311946460970928,0.0024934048106650675
2017-03-01,0.049655682053335815,0.04482031752419546,0.004605309286496828
2017-03-02,0.04277506499569195,0.03776916340956138,0.004799758788606834
2017-03-03,0.041940352962299254,0.03558187830678006,0.006113241071577402
2017-03-06,0.05125564025593676,0.041207169114886755,0.009643005390710613
2017-03-07,0.05516636650982032,0.043466926335350875,0.011207677706092989
2017-03-08,0.05540767881794939,0.04188685028134609,0.012970164131941075
2017-03-09,0.04875077507079428,0.035303926809931996,0.012981151796281898
2017-03-10,0.047614385162287,0.035590873302772774,0.011602761132193162
2017-03-13,0.05399700291603926,0.04471756052337095,0.008850697722240675
2017-03-14,0.05367564050333562,0.044291633593100954,0.008954404525465698
2017-03-15,0.058534429027245816,0.04639126953850781,0.011578383634039069
2017-03-16,0.06139628100107819,0.05178987311339589,0.009094290439364716
2017-03-17,0.051632491592922714,0.04100466724495955,0.010159026462554177
2017-03-20,0.051919593344619486,0.04215269250112108,0.009320797192239327
2017-03-21,0.05227094944408894,0.04720989736976855,0.00476004159836374
2017-03-22,0.046533783451993216,0.04228557127195365,0.00400662630312576
2017-03-23,0.050449435514206,0.04588969461376857,0.004291402712480741
2017-03-24,0.05810901636293542,0.054233888360352145,0.0036020930490028302
2017-03-27,0.059114862637884125,0.050741520378743576,0.007880764317435451
2017-03-28,0.05570723258700072,0.04825520872000322,0.007022869111573238
2017-03-29,0.05580381214479391,0.046859448313899765,0.008455854072038749
2017-03-30,0.04631799452494989,0.03827046903301934,0.007669328085480709
2017-03-31,0.048112010003626526,0.04409812543513114,0.0037411798225766013
2017-04-05,0.06999031969737124,0.05855101562688536,0.010799041332363535
2017-04-06,0.07384247022152657,0.06162043969198461,0.01150713279401594
2017-04-07,0.07963905794196013,0.06265059752367774,0.015985705469054645
2017-04-10,0.08531796217066345,0.058928613117417594,0.024888331295539023
2017-04-11,0.09989215909929627,0.06261136754347496,0.03508667993347969
2017-04-12,0.09569740222683287,0.06022775895312238,0.03346094377868103
2017-04-13,0.09871186436755597,0.0617775408364738,0.03479352649846601
2017-04-14,0.09279915403857109,0.053297352961761746,0.037489464645126924
2017-04-17,0.07847396794034367,0.05131553207092954,0.025841394889469127
2017-04-18,0.06979926185763996,0.04611930412737797,0.02266035851833026
2017-04-19,0.05849887554235367,0.041025703206332365,0.01683728298316267
2017-04-20,0.05274958949286135,0.045759743648072115,0.006690239661162778
2017-04-21,0.052269788684172314,0.04734273066892314,0.004707584099789219
2017-04-24,0.03419786217057541,0.03660887007148306,-0.0022505905974429252
2017-04-25,0.03759973259457561,0.039542379153360674,-0.0017921533410116819
2017-04-26,0.0445611050364616,0.04081420197546959,0.003683682241352848
2017-04-27,0.042323699279327665,0.04127948218571942,0.0010851526225852393
2017-04-28,0.046237122584146695,0.03917379973614299,0.006868146256231444
2017-05-02,0.04174409423359715,0.03519504850197008,0.006399247094416305
2017-05-03,0.03544698499913923,0.03113163464510693,0.004266172262155754
2017-05-04,0.03480031678280904,0.028491241543448842,0.006210576795269596
2017-05-05,0.025528025733120296,0.021893276564046937,0.0036494934028692416
2017-05-08,0.019328302443686773,0.014721233769854347,0.004626035369069692
2017-05-09,0.02162983884689562,0.012824031295581406,0.008772703294017692
2017-05-10,0.01149778831803383,0.008343744740374692,0.0032305291356149457
2017-05-11,0.01131859986181949,0.014068698026981519,-0.0026431173532101004
2017-05-12,0.01547551157720739,0.02274822153281386,-0.007080078984159854
2017-05-15,0.01747354960384162,0.02692036130833797,-0.00917688101651648
2017-05-16,0.03364697576733944,0.03582042745738856,-0.0020143015957370114
2017-05-17,0.03453779612467667,0.030177047816465796,0.004283032703410017
2017-05-18,0.0274986664910839,0.026594101727824393,0.0009426473601179541
2017-05-19,0.0303613596056429,0.028328219967449053,0.0020405653746908836
2017-05-22,0.02406366662174908,0.03056076125479601,-0.006259497245070467
2017-05-23,0.018630988959834616,0.03447311926461727,-0.015303885759597624
2017-05-24,0.020196695847232382,0.03446701498356686,-0.013784528587950207
2017-05-25,0.043467058968038375,0.05304364985046606,-0.008999415171003222
2017-05-26,0.04507704768951282,0.051463633988921176,-0.005983453420666307
2017-05-31,0.04619403243588338,0.055224963767848134,-0.008476870647026402
2017-06-01,0.029735333207064896,0.056693215178864165,-0.02545510454072597
2017-06-02,0.03460707669709895,0.053300528525183744,-0.017715534511830278
2017-06-05,0.03978226230155579,0.04793514992869374,-0.007798438879426106
2017-06-06,0.045475070025976505,0.05522506678589645,-0.009268343974042415
2017-06-07,0.06296049603931153,0.06760847061665043,-0.00432504700938896
2017-06-08,0.06718969657112295,0.07579860273581773,-0.0080018513510427
2017-06-09,0.06750471860124052,0.08038760025835545,-0.011940557769185789
2017-06-12,0.061953796415489926,0.07984982825507103,-0.016586557247851186
2017-06-13,0.07072629000292219,0.0822303975878429,-0.010630834551383694
2017-06-14,0.06713533269978722,0.06804044152766253,-0.0009765587711316748
2017-06-15,0.07834912070711875,0.06607372419638602,0.011361116061531007
2017-06-16,0.07826510626086636,0.06304355174298526,0.014156979825228788
2017-06-19,0.08409872919348826,0.0735900854850502,0.009582238940676335
2017-06-20,0.08425746381815324,0.07142098410756059,0.011769841533535885
2017-06-21,0.09478312455492044,0.08394936574434553,0.009760946636320655
2017-06-22,0.09147753471541575,0.08466832822163117,0.006042318145202508
2017-06-23,0.09630412211413386,0.09449881286384487,0.0013732179596053218
2017-06-26,0.10973599856075245,0.10815713688099304,0.0011458010967972942
2017-06-27,0.11315844281751342,0.11016020903098367,0.002423709764195925
2017-06-28,0.10631948604799057,0.10153499002955746,0.004053255315198401
2017-06-29,0.112588751353917,0.10838074139042364,0.0035030728244531684
2017-06-30,0.11322667558664379,0.10776746335324305,0.0046336988629966935
2017-07-03,0.11768387817932946,0.10294879962227288,0.013026153961804399
2017-07-04,0.11083336429772905,0.0936227995028347,0.015382766591988561
2017-07-05,0.12315966741573403,0.10561644810183402,0.01551430903200135
2017-07-06,0.12614919303146377,0.10574323946639552,0.01810085538164663
2017-07-07,0.13279721714449688,0.1044834847701579,0.025270940297137834
2017-07-10,0.1356318335138187,0.1038067282537547,0.028464712124051994
2017-07-11,0.13376021415724093,0.10897876954307151,0.02195069773827618
2017-07-12,0.13614209538105593,0.10535647392834546,0.027435714682177093
2017-07-13,0.1447097813947651,0.11384567631146902,0.027292875804234118
2017-07-14,0.146983662414494,0.11873081298016053,0.024827985969561484
2017-07-17,0.1306980054826632,0.10678854726091225,0.02121664734007389
2017-07-18,0.13406944113519526,0.10788219357960527,0.02325254867547799
2017-07-19,0.15898210131346668,0.12678508674043076,0.028271913438444596
2017-07-20,0.16454636247591092,0.13226225157929528,0.02821033200960632
2017-07-21,0.16444929591082413,0.1264376245126244,0.03341398841901366
2017-07-24,0.17037638179735248,0.13093002334551151,0.03455269330741051
2017-07-25,0.16187866338986434,0.12370664379491614,0.03364895258867873
2017-07-26,0.16517459958729686,0.11942580321509566,0.040518895087567675
2017-07-27,0.17385927653747646,0.12148007023809693,0.04636498126085686
2017-07-28,0.1786187036921425,0.12441057347368178,0.04787325876648252
2017-07-31,0.18561509742346782,0.1292381650550778,0.04959455192987039
2017-08-01,0.19255586167277028,0.1390597252880259,0.04661017289314362
2017-08-02,0.1827374270745994,0.13618064407731034,0.040638730325569306
2017-08-03,0.1804937462873617,0.12620504278460842,0.04780136285249803
2017-08-04,0.18467241627201036,0.120087351711752,0.05720212520372625
2017-08-07,0.18341241069657355,0.1258908744202767,0.05060000104590889
2017-08-08,0.18534909962370127,0.12752831752892968,0.05079139501235397
2017-08-09,0.18422820851890487,0.12717481436598077,0.05012718908054459
2017-08-10,0.1746965485362204,0.12260698351775523,0.04593048479180428
2017-08-11,0.15744869123995864,0.10189144724926913,0.04987389644056783
2017-08-14,0.1761623757976789,0.1161901713655682,0.053224589722440596
2017-08-15,0.1799826896609733,0.11962818175162049,0.053401518949147464
2017-08-16,0.18170702285093832,0.11822641219443142,0.05625973051445077
2017-08-17,0.19272977181812512,0.12422624594502296,0.06044497779380276
2017-08-18,0.18481130166568116,0.12525041313209062,0.052438676805875994
2017-08-21,0.19292778177347136,0.1301808740314434,0.05503692116154468
2017-08-22,0.18913587173042012,0.1335977123458978,0.04849366097924124
2017-08-23,0.18165952452189882,0.13474271439130936,0.04084251909409353
2017-08-24,0.1742050616072326,0.12826549131888076,0.04021762746265223
2017-08-25,0.18777101913752903,0.14672423405599178,0.035217331583729417
2017-08-28,0.20394884745747754,0.16091111524676882,0.03650997315180482
2017-08-29,0.19917497042308052,0.15844290479473822,0.03460374330014493
2017-08-30,0.20811914811285548,0.1583704037845548,0.04238519904176785
2017-08-31,0.2123625965161413,0.15468164528434203,0.04936592739610224
2017-09-01,0.21907857240111883,0.15723447955056802,0.05285897425910702
2017-09-04,0.22111255970325971,0.16179024275526555,0.05047076924054705
2017-09-05,0.2181591631480515,0.1652433682277017,0.04480783213517259
2017-09-06,0.2211084775650638,0.16294736069293903,0.04939614159374406
2017-09-07,0.21657339595449,0.15703205034100587,0.05083651755430463
2017-09-08,0.21946293398599326,0.1558599300142125,0.054396946444401184
2017-09-11,0.22667488659777169,0.1557571392403745,0.060726459855097836
2017-09-12,0.22856322297557408,0.15946706013584322,0.05895445885527062
2017-09-13,0.23121549613993553,0.16088104296981642,0.05994916698455288
2017-09-14,0.22327412493585097,0.1570593254106165,0.056601909326515765
2017-09-15,0.21938425028355146,0.1574641564711674,0.052872350550473346
2017-09-18,0.22828568981888053,0.1610411624029855,0.057304484821625534
2017-09-19,0.22071907373896416,0.1577119922772865,0.05382288085113185
2017-09-20,0.234491626053976,0.160829776662073,0.06287445058170271
2017-09-21,0.2230281853872067,0.15943405890033513,0.054282581928852824
2017-09-22,0.2167757918793587,0.15940689959229304,0.04891754984532404
2017-09-25,0.20336056242560252,0.15338285728131562,0.042802957767427374
2017-09-26,0.2077066495917581,0.1542861925366541,0.04575244254284572
2017-09-27,0.21558743993190976,0.154413061245962,0.052461474374625894
2017-09-28,0.21027012381996046,0.15481792975663233,0.04748860372342745
2017-09-29,0.21596998045115745,0.159035297813364,0.048596424880678724
2017-10-09,0.23226268398479366,0.17284461459687894,0.05015300719642246
2017-10-10,0.23580954289616507,0.17515573962614273,0.05110633673814369
2017-10-11,0.23870403044937283,0.17903173535444195,0.050101370520579724
2017-10-12,0.23674511447773927,0.18213131841172925,0.04568008015422431
2017-10-13,0.23698623992230017,0.1845633337229362,0.043732661805532036
2017-10-16,0.23458069220378297,0.1822824238560794,0.04371266775087235
2017-10-17,0.23017755216126634,0.1821676290020502,0.040091600044664055
2017-10-18,0.23448390508634476,0.1915601636046449,0.03546882412891228
2017-10-19,0.22825326663659307,0.18766003288212563,0.03363187029669423
2017-10-20,0.23332771822511456,0.1863307372643621,0.039059154425350906
2017-10-23,0.23573035417700172,0.18752405311700726,0.04003816019324535
2017-10-24,0.23893917912829155,0.19616440568851923,0.035171576389139814
2017-10-25,0.24040497942811312,0.2014663326468693,0.03180796146823206
2017-10-26,0.24301969921709632,0.20649041249792432,0.02966833538976088
2017-10-27,0.23839332630695576,0.21506712071161682,0.018516317037879038
2017-10-30,0.2281076597751992,0.21136627255603457,0.013159067124547175
2017-10-31,0.23068465275160355,0.2104600519914046,0.016042966070217712
2017-11-01,0.23259925132661552,0.20740879691994785,0.02018482280221301
2017-11-02,0.22862523847660432,0.2075628066691857,0.01676552492594996
2017-11-03,0.2199149737352144,0.2062244783352576,0.010684096726506942
2017-11-06,0.22985840997372908,0.21474091601562617,0.011786264956438863
2017-11-07,0.23448955915614356,0.22481914643210965,0.007201847638814041
2017-11-08,0.23710667320264123,0.22293394068912242,0.01088736801288448
2017-11-09,0.2397334382942362,0.2313597354123611,0.006068966632063688
2017-11-10,0.23922456734751596,0.2422386004258119,-0.003232449861520159
2017-11-13,0.2421449988157116,0.24712071241143674,-0.0048007954198504565
2017-11-14,0.2402348813051356,0.2384442030360645,0.0005926625092746995
2017-11-15,0.23157194033627015,0.23068610728882932,-0.0001282955529590124
2017-11-16,0.23170794814187645,0.24015398657486964,-0.007710059904873723
2017-11-17,0.21291135338666645,0.2449394986069886,-0.02668204676024244
2017-11-20,0.2228943873792144,0.2518818930144908,-0.02409871845124456
2017-11-21,0.23515189386797308,0.2741986369375815,-0.03171387175377249
2017-11-22,0.24806603231900182,0.27718036164518867,-0.023855815459526197
2017-11-23,0.22715524427925327,0.2393655914486139,-0.011308986832575418
2017-11-24,0.2303543348485395,0.23990943672017817,-0.009165399379179817
2017-11-27,0.22003682732940044,0.22352011044046316,-0.004377327646942097
2017-11-28,0.22977200141134468,0.22529356099615883,0.0021240328653919782
2017-11-29,0.22434626009040803,0.22466825084346675,-0.0017859090401428634
2017-11-30,0.2099391381589082,0.21027287196824007,-0.001798568995788341
2017-12-01,0.21802558845329134,0.2078680113607243,0.0068562296427605585
2017-12-04,0.2156806025502218,0.21412764890792713,-0.0003001225732415236
2017-12-05,0.2046252731380167,0.2205656195300396,-0.014692292690829944
2017-12-06,0.21650825826077602,0.21320929092457797,0.0009656748446040808
2017-12-07,0.20880481239252302,0.19968699362095466,0.005783789270758399
2017-12-08,0.21480386332728107,0.2094511200949014,0.002589319756936659
2017-12-11,0.2266916002733963,0.229426378510855,-0.0041583516604918325
2017-12-12,0.21355657812101936,0.21326978262424223,-0.0017345809840390025
2017-12-13,0.22180980419258867,0.22356259200995865,-0.003414333165419836
2017-12-14,0.21663340166501843,0.2163301225829508,-0.0017457252903199105
2017-12-15,0.20363851106239683,0.20264769071584188,-0.0011787947591319625
2017-12-18,0.2004406649284638,0.20398601955558227,-0.004943985899497405
2017-12-19,0.209391677117712,0.21910350279439594,-0.010018529110889629
2017-12-20,0.19621967837604104,0.21764128042892916,-0.019613430215411065
2017-12-21,0.2087874294458294,0.2289280321551619,-0.018400823095686802
2017-12-22,0.20503043815646094,0.22492507609079482,-0.018254360201837905
2017-12-25,0.18423601771113307,0.22097947654279415,-0.03203340565290336
2017-12-26,0.19253316291714428,0.22462890422402482,-0.02814470357261245
2017-12-27,0.18135688839951647,0.20577437310838098,-0.022290013372811
2017-12-28,0.19029733573339058,0.21413972486037358,-0.02167385500671215
2017-12-29,0.19706210867776774,0.21774989320568539,-0.01902276156325644
2018-01-02,0.20643811225798991,0.234834174073427,-0.025101751740498557
2018-01-03,0.21769342015245785,0.24208160106619014,-0.02172838903048302
2018-01-04,0.2194031859804717,0.24734437036647727,-0.024499787454545174
2018-01-05,0.22390974366877803,0.2503472666197797,-0.02324307388959801
2018-01-08,0.23652913713396928,0.2568154218102159,-0.018224853044084388
2018-01-09,0.2320742609448534,0.26561878467819633,-0.028638763730454486
2018-01-10,0.23008987195359332,0.2712107605447114,-0.03449508242822108
2018-01-11,0.23017965383957106,0.27054011970603087,-0.03391524963731107
2018-01-12,0.22676210261847207,0.27640390071180065,-0.04105778350217837
2018-01-15,0.2116269959792132,0.276476328492262,-0.052943091608131376
2018-01-16,0.2259576963292116,0.28651544974362375,-0.04918996544872245
2018-01-17,0.2382974808119518,0.28338857574414344,-0.03730871649048395
2018-01-18,0.24518474919573285,0.2904277303021232,-0.03723452595384047
2018-01-19,0.25943583490536515,0.29465115960677934,-0.029366743113574123
2018-01-22,0.27261003691078667,0.31011917523013444,-0.03081030041745192
2018-01-23,0.28440575821499703,0.3240190510048737,-0.032109699313462525
2018-01-24,0.29030511275420934,0.3262184868256488,-0.029271961076668296
2018-01-25,0.2842189330767455,0.31872316013592505,-0.028364524607788044
2018-01-26,0.29082188830213274,0.32362336765740407,-0.026979226012730506
2018-01-29,0.27569776738005247,0.29967222280686534,-0.020772836159564045
2018-01-30,0.2636170280812462,0.2857995215006248,-0.01959375564881749
2018-01-31,0.2573950903951414,0.29178109083377457,-0.028982061355803168
2018-02-01,0.23877935887081847,0.2827178737058105,-0.03654525704330258
2018-02-02,0.24881262033513796,0.29037019616734083,-0.03448962705851977
2018-02-05,0.24705761762771594,0.2912523774946145,-0.03650658054568279
2018-02-06,0.19422197637739647,0.2534104807989206,-0.04909162739779693
2018-02-07,0.18664240562149148,0.22368612699708001,-0.03257633566404172
2018-02-08,0.18174692407693183,0.2120700478177655,-0.027383974671515765
2018-02-09,0.13820970023940604,0.1602888760460297,-0.021665129342453238
2018-02-12,0.15858416052689006,0.17522810353165008,-0.016748989640225642
2018-02-13,0.1706326576212609,0.18898293564808522,-0.01803177790447641
2018-02-14,0.18078187917842814,0.1984480447572914,-0.01733538247968336
2018-02-22,0.21223516079531568,0.2243596767500604,-0.012405664586469523
2018-02-23,0.21843913136243098,0.2299064063718539,-0.01182546871000334
2018-02-26,0.24271909296738103,0.24420530440186528,-0.003622535461734633
2018-02-27,0.23248265034495708,0.2262479530149577,0.0025506754204045468
2018-02-28,0.2286951580510539,0.21557146702604713,0.008198614509318691
2018-03-01,0.2309066023670343,0.22326010935232032,0.00363621922129842
2018-03-02,0.22793773378127313,0.21340240904461938,0.00930336301947321
2018-03-05,0.22734378165483426,0.21389783132260054,0.008403073789825077
2018-03-06,0.24359740360224502,0.22853807403691673,0.009595411845707336
2018-03-07,0.235085105155586,0.2195020610197962,0.010110502521084808
2018-03-08,0.24515106942869158,0.2318732655317537,0.008095882308595925
2018-03-09,0.2626325059224841,0.24132017343407886,0.014518337454940466
2018-03-12,0.27263547950132394,0.24699982271574483,0.017913752689296514
2018-03-13,0.2636923918662215,0.235997050714994,0.019742105411076016
2018-03-14,0.2614954923274946,0.2305862721579699,0.02243339499928232
2018-03-15,0.26611467519793486,0.23748045946565677,0.020449170898808378
2018-03-16,0.25617385247246616,0.2254746121449509,0.022337418756265492
2018-03-19,0.2597772779527534,0.230861167420515,0.020776398737850643
2018-03-20,0.2623527865695341,0.2319033912365167,0.021998954289702555
2018-03-21,0.2578806277615653,0.226873336774027,0.022551282889708757
2018-03-22,0.24950187482254926,0.214577558210451,0.02598811455159966
2018-03-23,0.19283261408673602,0.17971144300161002,0.008908377593418226
2018-03-26,0.20916740480557405,0.17214358288749598,0.02919664491883811
2018-03-27,0.23456891669350033,0.18222792562703383,0.041962909351756394
2018-03-28,0.2276800942547781,0.16091427370167377,0.05493371837483729
2018-03-29,0.25239846641410457,0.17642148620898368,0.06208242841350864
2018-03-30,0.2579451323786017,0.17776583033341842,0.0655725317911986
2018-04-02,0.25263303546510274,0.17426746785025404,0.06423790343832114
2018-04-03,0.2427239007646913,0.1668839633519157,0.06251076137171574
2018-04-04,0.24214806008983802,0.16458194108687674,0.06411454140212225
2018-04-09,0.24766104593574623,0.16399885936519532,0.06937014660371643
2018-04-10,0.26754596450246804,0.18642738651885882,0.06580833557018018
2018-04-11,0.2630663447135446,0.1898018403761501,0.05901028702747779
2018-04-12,0.2508386295031175,0.17780823626703746,0.05943321476228336
2018-04-13,0.24696724846361096,0.16950029144320888,0.06362719793905591
2018-04-16,0.2402259839671237,0.15068501171788107,0.07498905410832668
2018-04-17,0.22118952847283913,0.13249211784696557,0.07548495416623768
2018-04-18,0.2321140013735532,0.137821249199924,0.08004511378606982
2018-04-19,0.247144302784309,0.15158533858858814,0.08015518029626567
2018-04-20,0.2288514205570935,0.1361808440757457,0.07876065323842663
2018-04-23,0.22913300941728765,0.1378363676163623,0.07743599223574771
2018-04-24,0.2590246676554553,0.16114703012320897,0.08156523456608333
2018-04-25,0.2530386293325453,0.15667884822023526,0.08058487301214745
2018-04-26,0.23117718600170667,0.1345615882824982,0.08239442658267482
2018-04-27,0.2434232245531558,0.13498154040006316,0.09275993843128938
2018-05-02,0.24879208980216228,0.13702687565226168,0.09550901997431582
2018-05-03,0.2656625216777766,0.14589363294883873,0.1017656965822138
2018-05-04,0.26304841443090243,0.1403349217280594,0.10483475018277555
2018-05-07,0.28086222034448416,0.15833753167924547,0.10297497494605157
2018-05-08,0.28864970828102443,0.17177827226964726,0.09688258732124466
2018-05-09,0.28650510398780593,0.1696453937247253,0.09705367977317714
2018-05-10,0.2887824101743002,0.1761225955154273,0.09292042149216906
2018-05-11,0.28476422463428164,0.17001394530392844,0.09518940481574223
2018-05-14,0.28916856303900906,0.18102575736284798,0.08863626969400618
2018-05-15,0.2992041639882923,0.1855000394310753,0.09298654923117544
2018-05-16,0.2946817622716045,0.176056155251461,0.09788887753999309
2018-05-17,0.29069095283369806,0.16735848494827943,0.1026242494408498
2018-05-18,0.30286565302155855,0.17914366459948927,0.10189332392634176
2018-05-21,0.3158867579474163,0.18463595613314143,0.1077734005204587
2018-05-22,0.3101052020854307,0.18009532197459355,0.10715224837316017
2018-05-23,0.29751570408608297,0.1644975418668797,0.11114669635428198
2018-05-24,0.28878157835844376,0.156231846668752,0.11155410575932545
2018-05-25,0.28418239919543464,0.15299330890579577,0.11070078314795695
2018-05-28,0.2891534647695475,0.15805660061831062,0.11012273503179681
2018-05-29,0.2808501871487068,0.14921994943959094,0.11144345980896575
2018-05-30,0.25390183522133714,0.12485806094280227,0.11162040674966889
2018-05-31,0.274894762249452,0.14872751412540852,0.10664269590022157
2018-06-01,0.2610194948168074,0.13912350307627452,0.10385075146184208
2018-06-04,0.2636882474926854,0.15029840716256815,0.09535800558865182
2018-06-05,0.28822661559616236,0.16169990730752026,0.10577078457739031
2018-06-06,0.29288360452518836,0.15929213055672764,0.11206004488068544
2018-06-07,0.28976085054877676,0.1573768391030541,0.11121129965894339
2018-06-08,0.2703163065881473,0.14185155007845052,0.10936459893009687
2018-06-11,0.2689844068092182,0.14196030940609972,0.10809578860896996
2018-06-12,0.2777672554226762,0.15584825171521977,0.10228900160710674
2018-06-13,0.26224092245748953,0.1444859906206717,0.09973069106789745
2018-06-14,0.2629093178005155,0.13996336115394747,0.10465880360159807
2018-06-15,0.24967842788065409,0.13393930616531335,0.09892331833149104
2018-06-19,0.19575034149918236,0.09396746369878106,0.09023836724092438
2018-06-20,0.19993607564477078,0.0982935906342084,0.08974337571923985
2018-06-21,0.183811457706615,0.08546309207017844,0.08783012912382038
2018-06-22,0.20144274186538658,0.09027563596999966,0.09920886163428722
2018-06-25,0.19465775039080668,0.07564766179641325,0.1077490518698534
2018-06-26,0.201465989525613,0.06677472490782921,0.1231997455734628
2018-06-27,0.19062633424078634,0.04506829790297595,0.13592075742679488
2018-06-28,0.18525487292457332,0.034273966160615066,0.14252882931204036
2018-06-29,0.21027681057212244,0.060693262805894266,0.13746423846597966
2018-07-02,0.1915606273780024,0.029570152886420287,0.15324979856923715
2018-07-03,0.18447197113897285,0.02996891671131352,0.1459423891366809
2018-07-04,0.17738869984046501,0.01621397124989965,0.1543932675289934
2018-07-05,0.15639060445868358,0.009776053515451189,0.1411185944114699
2018-07-06,0.1609723257214397,0.016627901043893,0.13789673271166336
2018-07-09,0.18546009324607504,0.045044033492015245,0.13009201789189362
2018-07-10,0.19412525188076568,0.04756364291261228,0.13562780101820993
2018-07-11,0.16880024915885028,0.029440219920475075,0.13119039296927237
2018-07-12,0.19277251192286116,0.05165417071086642,0.12998168792663267
2018-07-13,0.193545794930285,0.055167704703217524,0.12693904013566226
2018-07-16,0.19088568169383024,0.04894426395908402,0.13107412886687175
2018-07-17,0.18953365362875796,0.0420833552263038,0.1371881073633079
2018-07-18,0.1853946416735881,0.036627348581679486,0.13918517697169897
2018-07-19,0.18041501075835908,0.03572703845507541,0.13538904528319162
2018-07-20,0.19572753636776996,0.05522798988858901,0.1287400722169889
2018-07-23,0.2207078502617157,0.06515532050751527,0.14170201569985896
2018-07-24,0.23927368829092055,0.08206121331279959,0.14094542420538558
2018-07-25,0.2373864069399627,0.08086487929375696,0.14046932308074211
2018-07-26,0.2261197877304857,0.06832740766282175,0.1433140030799369
2018-07-27,0.21741890361274008,0.06378970131436112,0.14005694255154078
2018-07-30,0.20631602938083948,0.06193181845110529,0.13165069203020097
2018-07-31,0.2053748779683764,0.06271124624698476,0.12993719403265303
2018-08-01,0.18374159947812663,0.041482125749815246,0.13222987303760547
2018-08-02,0.16331474591052864,0.018392025433520587,0.1377939312464409
2018-08-03,0.14491924678036927,0.001570714785581906,0.13859552684078502
2018-08-06,0.13000295325165867,-0.011120778668187836,0.13818943600475775
2018-08-07,0.1672400529190976,0.01776070080069414,0.14245403084404962
2018-08-08,0.14811099524077687,0.0013381243101810991,0.14216580027108439
2018-08-09,0.16817491818162322,0.02641906187312859,0.13351751974035686
2018-08-10,0.17524402595779653,0.02868184108310068,0.1378780195521645
2018-08-13,0.17778463745334272,0.024246861401956643,0.14524361387883866
2018-08-14,0.1754848071591606,0.018981126962288375,0.1488951139702417
2018-08-15,0.15126097205231082,-0.005468395868383991,0.15278591715571843
2018-08-16,0.14931455415105455,-0.010075536672170426,0.15617717069097914
2018-08-17,0.12564093733527337,-0.024307855898064612,0.14898476131334726
2018-08-20,0.13274491993287096,-0.012939563269986687,0.14284865375295897
2018-08-21,0.1559549785770482,0.005005560682126653,0.14548832755173735
2018-08-22,0.14564895782654208,-0.0006438312478822539,0.14171470447277779
2018-08-23,0.1514525293631943,0.0030056749722107146,0.14332896677215734
2018-08-24,0.14653001396323995,0.004606804626148264,0.1366160478373586
2018-08-27,0.17768323812910314,0.02914998477927222,0.1397316426912174
2018-08-28,0.18253431408496446,0.027216481183508057,0.14656764722511872
2018-08-29,0.17900567883349838,0.023107851826729586,0.14773234160812154
2018-08-30,0.1746497711595989,0.012389049610633585,0.15551643177220464
2018-08-31,0.162999262430499,0.007377073253857613,0.14977624178794446
2018-09-03,0.1588325837844351,0.003546363673871511,0.1500291420606965
2018-09-04,0.17177852805221772,0.016259063210960267,0.14830842791429988
2018-09-05,0.15423134463449384,-0.0036074945656587865,0.15356065828053556
2018-09-06,0.13990236132753542,-0.014259795317446589,0.1515725658081537
2018-09-07,0.14312425229307157,-0.009800666426637461,0.14961814820209351
2018-09-10,0.1275696292802342,-0.02417191752305914,0.15066013694826563
2018-09-11,0.1271032922177353,-0.025942251754192514,0.1522717623804295
2018-09-12,0.12529923923969677,-0.0326460770919581,0.15835778452651894
2018-09-13,0.13052389735675862,-0.02220822185484872,0.15123712243356313
2018-09-14,0.13325876812427273,-0.020540571283506615,0.152058634596677
2018-09-17,0.11778947040042276,-0.03176985325536974,0.1495408064933954
2018-09-18,0.13847641445151848,-0.012280958616539661,0.14767699024520065
2018-09-19,0.15084357201167142,0.0007248323547366375,0.14503205541436404
2018-09-20,0.15134494565064127,1.4903648154263038e-05,0.14634319956558972
2018-09-21,0.1784559765535605,0.030334450513278544,0.13858036463011358
2018-09-25,0.1719964003458856,0.021062726316053215,0.14258516451603298
2018-09-26,0.1793262903361137,0.03237369365772658,0.13707396159647467
2018-09-27,0.17183431785522307,0.028249913071490163,0.134392410003757
2018-09-28,0.18295980878229168,0.038905281326932606,0.13340714124538966
2018-10-08,0.14246399505381846,-0.005794563805964659,0.14337351881226623
2018-10-09,0.13985212647661172,-0.006462237906651236,0.14152742115095163
2018-10-10,0.13825682145798046,-0.00860414675309773,0.14239072236917694
2018-10-11,0.07520309880219989,-0.05618303015970272,0.13393340310163837
2018-10-12,0.08207213384952805,-0.042098809113041424,0.12425638601714217
2018-10-15,0.07120253984785307,-0.05547613776117433,0.12866356457848993
2018-10-16,0.05406407191808782,-0.06317382116721992,0.11980414740691447
2018-10-17,0.06299322550058539,-0.057953415181532186,0.12305015678987252
2018-10-18,0.04545140039589346,-0.08026706030584707,0.13111821372125632
2018-10-19,0.08023295675532882,-0.052908304432000675,0.1351031452960756
2018-10-22,0.1204580309595642,-0.012027119805558817,0.12837474982644625
2018-10-23,0.10918481679448067,-0.03826209350485854,0.14698513705722993
2018-10-24,0.09830251298185,-0.03682108159125985,0.1340133956362466
2018-10-25,0.09082626697820095,-0.03497523732500041,0.12412082946645686
2018-10-26,0.09216147404817554,-0.0412198341077572,0.1327708846676039
2018-10-29,0.07494411700344439,-0.07044873644286687,0.14944643953849424
2018-10-30,0.08550403354063674,-0.06036735978940533,0.1482720108582769
2018-10-31,0.09938553862330357,-0.04720751995456596,0.146874299993486
2018-11-01,0.1096856047685224,-0.040195666365274274,0.14917913163309504
2018-11-02,0.1455949482368284,-0.00599110013144688,0.14541316298979656
2018-11-05,0.1504664168109242,-0.014271833415074542,0.15982588669809994
2018-11-06,0.14057396490286234,-0.020220321127895735,0.15685205605995667
2018-11-07,0.132312991561776,-0.02663707421325945,0.15604961530022443
2018-11-08,0.12341382032474746,-0.02939833303516004,0.15024339987290425
2018-11-09,0.12067076358991002,-0.043092913988788784,0.1636640461122727
2018-11-12,0.1359808102257123,-0.031703373807534074,0.16571099072116313
2018-11-13,0.16157438178084904,-0.02196350946755765,0.18024877300050313
2018-11-14,0.15205398490745736,-0.03176386054856617,0.18240192478827932
2018-11-15,0.1798473807058183,-0.020456009799598718,0.19711841376173345
2018-11-16,0.18097094880775244,-0.01583375671974896,0.19260949003321826
2018-11-19,0.1859506381139795,-0.004676926363562539,0.18411844332104765
2018-11-20,0.15883278359985575,-0.027694477130141282,0.18442606098738334
2018-11-21,0.16027561504532595,-0.025253457833233628,0.18292719992749595
2018-11-22,0.15785632822675533,-0.028896872574194266,0.1848822362880267
2018-11-23,0.12030203368509396,-0.05033136670022176,0.1726044684760224
2018-11-26,0.11772460980328181,-0.05100813203083299,0.17074235174317032
2018-11-27,0.12164374807717238,-0.05221657220195697,0.1763382048121105
2018-11-28,0.1340332162031448,-0.03962172844477374,0.17369976987917934
2018-11-29,0.11823757689395564,-0.05209274690045662,0.17259273660320895
2018-11-30,0.12950218884253362,-0.041506855204915816,0.1713097980633973
2018-12-03,0.16223015808264352,-0.01484284112766776,0.17266487413940124
2018-12-04,0.16789546964692947,-0.01280056157204601,0.17595005758158133
2018-12-05,0.1635372260222958,-0.017546613102317088,0.17721524397894384
2018-12-06,0.14174857348679026,-0.03879384758927107,0.1806297465772002
2018-12-07,0.14084270681397038,-0.038827134446690836,0.17973391702972497
2018-12-10,0.1302743966555222,-0.04994467399914149,0.18245089060226505
2018-12-11,0.13652431046266766,-0.0453949772298059,0.18332670695491382
2018-12-12,0.13901590518491447,-0.042135239728301466,0.18188014138859332
2018-12-13,0.14998749753761786,-0.027307795924559786,0.17496949319655553
2018-12-14,0.1311545108159915,-0.04355508914880302,0.17535340127736365
2018-12-17,0.13016032420441115,-0.04497802275326901,0.1760689784271363
2018-12-18,0.11894560035317969,-0.05487814347775999,0.17659027512964776
2018-12-19,0.10645032806984633,-0.06614673308040153,0.17747964789959725
2018-12-20,0.10100796707125115,-0.07330965219830532,0.18071951337117698
2018-12-21,0.0944611858228317,-0.08479578074757288,0.1883335193607243
2018-12-24,0.10286386633350797,-0.08213721133270013,0.1940049202978653
2018-12-25,0.08849647779830327,-0.0884572914077616,0.18667170336239125
2018-12-26,0.07929506943946318,-0.09306438868850353,0.18263803611074958
2018-12-27,0.07067919357922525,-0.09654472344248777,0.17773551992506653
2018-12-28,0.07982359680143358,-0.09046019699125296,0.17986253489610937
2019-01-02,0.06984663602576635,-0.1028798611328795,0.18507216154588502
2019-01-03,0.07713864297574857,-0.10429971711821406,0.19502513088133666
2019-01-04,0.1277510210307613,-0.0828410922407099,0.22254707436318522
2019-01-07,0.13563358317070473,-0.07727326539313162,0.22367046895372766
2019-01-08,0.13683313979883538,-0.07926713687397202,0.2276071828333328
2019-01-09,0.14350260143585913,-0.06996827726805566,0.22241107927469894
2019-01-10,0.1374816595200099,-0.07171744838105965,0.21827372454452698
2019-01-11,0.1425292389156787,-0.06504388160498853,0.21492146089973674
2019-01-14,0.1321415414638154,-0.07320080434970888,0.21447503452770622
2019-01-15,0.15166655278430174,-0.05501087150077266,0.21158394005931092
2019-01-16,0.15259609610825442,-0.05481147837886413,0.21230619969192932
2019-01-17,0.1457188113942398,-0.06001673695595189,0.21174894347564388
2019-01-18,0.16666176072815975,-0.04287213782564303,0.21179747402888172
2019-01-21,0.17550050107520998,-0.03759428211185789,0.21429599564203916
2019-01-22,0.15897703984365918,-0.050379536991389307,0.21335874164279334
2019-01-23,0.1585887930528025,-0.051065324306198145,0.21382852863645363
2019-01-24,0.16612050584504123,-0.045708892669937495,0.21486766953062286
2019-01-25,0.16964619683062776,-0.03794781963787697,0.20866045045121862
2019-01-28,0.16922393427544224,-0.038156203295674485,0.20848590289206093
2019-01-29,0.16375400910534532,-0.035077792407164576,0.19896450371121643
2019-01-30,0.15240083942771787,-0.04277849399857925,0.1968363430590696
2019-01-31,0.14531502687076414,-0.03276365684252547,0.17695552401976977
2019-02-01,0.17745264636356306,-0.018936224052233386,0.19315543845662808
2019-02-11,0.20550283451393203,-0.0010907652066746154,0.19987632421026635
2019-02-12,0.22338371006122637,0.006120555746162992,0.20901160171414457
2019-02-13,0.24688416656058498,0.02626813496678837,0.20802550329975134
2019-02-14,0.25121580688551015,0.027811829843593427,0.21040505854365033
2019-02-15,0.24382647650553224,0.008646145566612695,0.22582725892879263
2019-02-18,0.27712329072546593,0.04098372932224437,0.21934174631524672
2019-02-19,0.27658519693975725,0.039131736613672086,0.22099730356524216
2019-02-20,0.2842763613452317,0.04285365949260855,0.22398024018554485
2019-02-21,0.2773100597423166,0.04006825608076481,0.22061018520681208
2019-02-22,0.2952497646097074,0.06345433330809191,0.21030795819976222
2019-02-25,0.36257915760747195,0.1267036020082537,0.20123849205919297
2019-02-26,0.36979776099625195,0.11317218469107115,0.22202891494535293
2019-02-27,0.37183782494979223,0.11126892830711155,0.22593827933145483
2019-02-28,0.3611714203500942,0.10854394687359714,0.2194124487348159
2019-03-01,0.3775688630595053,0.1328153092926765,0.2074033749603419
2019-03-04,0.39721112704570083,0.14622593602653633,0.21032568593317547
2019-03-05,0.41504066403272133,0.1528450886619328,0.2187811026883515
2019-03-06,0.45614894065472544,0.1625367783338023,0.24394185467675422
2019-03-07,0.47319781673495975,0.15068206296976094,0.2711909946490434
2019-03-08,0.39759646897069323,0.104982253059271,0.25644207465704816
2019-03-11,0.430438826148269,0.12684582750194817,0.2611070080146283
2019-03-12,0.4459664348274017,0.1345193224922152,0.26620872180289745
2019-03-13,0.4272512988832382,0.12510557693911872,0.2603266356312015
2019-03-14,0.4152850860614359,0.11734146255010747,0.2584571814850325
2019-03-15,0.42638271394946003,0.1313955287204529,0.25249604191117525
2019-03-18,0.46587047574863405,0.16364254937190137,0.2514713256623937
2019-03-19,0.4745856710839511,0.15826809787855045,0.26469193237862787
2019-03-20,0.4693322133743496,0.15871518899368575,0.2596980854843012
2019-03-21,0.4769772343479257,0.1591531980044596,0.2657761860724803
2019-03-22,0.47407748512325876,0.15821971065205398,0.26431044064251585
2019-03-25,0.4578494244133262,0.13073697532322637,0.2803917988146214
2019-03-26,0.43007819840321915,0.11793063618349797,0.27050232085813075
2019-03-27,0.4437414715192367,0.13090611387297457,0.2678946415000105
2019-03-28,0.43394194018187093,0.12637755957155106,0.26436579267054894
2019-03-29,0.48830953404480093,0.1698629478192819,0.2634913262683387
2019-04-01,0.535591401754943,0.20055400511013222,0.270483606250534
2019-04-02,0.5354081764259229,0.199756341421935,0.27117613915985994
2019-04-03,0.5689407802547206,0.2151246382737244,0.2826548877862378
2019-04-04,0.5743992040347208,0.2272299541602596,0.27433924276087907
2019-04-08,0.5643369182721598,0.22571943547512396,0.2677631999613599
2019-04-09,0.5611501311952407,0.2312176775058279,0.25949373882399596
2019-04-10,0.5541771039612029,0.2343656558486491,0.2506478142849564
2019-04-11,0.5233302856966726,0.207698638702416,0.25284412389636857
2019-04-12,0.5251093697863394,0.2049918074395607,0.2571153260165888
2019-04-15,0.505881705924452,0.20103413873366272,0.24539523317499468
2019-04-16,0.5470870285463132,0.23434739078449773,0.24492918300270228
2019-04-17,0.5517630381044418,0.23478544345434105,0.2482501243833508
2019-04-18,0.5409668308670306,0.23020560177147376,0.24419535466406117
2019-04-19,0.5530981986356276,0.24486683537376175,0.23916240907609643
2019-04-22,0.5244002815300699,0.21616663215264698,0.24483403931109238
2019-04-23,0.5177414444839776,0.2141726722317343,0.24143735609796058
2019-04-24,0.5312539371835536,0.21751994473641356,0.24906746939174473
2019-04-25,0.4704100458003204,0.1908529219420374,0.226794168171909
2019-04-26,0.4500731144614434,0.17497716981737144,0.22618153639719152
2019-04-29,0.4500731144614434,0.17831849657432253,0.22269459785771306
2019-04-30,0.4500731144614434,0.18220969981153012,0.21865684983701028
2019-05-06,0.31451499899856583,0.11315092492587842,0.17592020454712243
2019-05-07,0.3184352103825041,0.12404197465178735,0.16792190841712595
2019-05-08,0.3029789061721735,0.10796684692069469,0.1709327671574017
2019-05-09,0.28623736955538814,0.0874960403773195,0.17752201237179488
2019-05-10,0.3218241380204858,0.12699658702902772,0.1673304032520735
2019-05-13,0.29959820189805964,0.10835056599021597,0.1670155556513886
2019-05-14,0.2863645034994784,0.10122681152910507,0.1626327498556983
2019-05-15,0.3120221373521652,0.12598148394261344,0.15968742129951363
2019-05-16,0.3242194527099862,0.13107810029616251,0.16521936305493012
2019-05-17,0.2881984901382728,0.10231745354994781,0.16315224477688228
2019-05-20,0.27949143225823625,0.09296118031904,0.16516301458310023
2019-05-21,0.30664864725737817,0.10776147042388295,0.17411559972621382
2019-05-22,0.2982449697586276,0.10250480482257784,0.17213584130378745
2019-05-23,0.2726581168516129,0.08274093435221874,0.17004654798208252
2019-05-24,0.26960434215412166,0.08574691022060232,0.1639906328910472
2019-05-27,0.29837662318475733,0.09882514759527616,0.17634874084965002
2019-05-28,0.3137186804219514,0.10941701218396083,0.17890974047158648
2019-05-29,0.3116023577785032,0.10689442200049082,0.17969118962092678
2019-05-30,0.3087267272128198,0.10002750292798024,0.1844233020173236
2019-05-31,0.30385576680747617,0.09658655991739695,0.1837199249597854
2019-06-03,0.29410067310228283,0.09725717047575566,0.17413975848557128
2019-06-04,0.28304790046684913,0.0871244964666531,0.17495420889006974
2019-06-05,0.27859957674441826,0.08671354964399258,0.1713247932801143
2019-06-06,0.26212244537623075,0.07691621843436414,0.1667902457821393
2019-06-10,0.2713481602721126,0.09083128335282509,0.16024276606700383
2019-06-11,0.31737375601987905,0.12362198916231448,0.1673688673378122
2019-06-12,0.29174988958644965,0.11510857097466975,0.15350758174895462
2019-06-13,0.3025066065784836,0.11338358800463366,0.1648975044026284
2019-06-14,0.2773732615665252,0.10416625492289455,0.15206328307532946
2019-06-17,0.27278912740866734,0.10414815622795603,0.14794773505208325
2019-06-18,0.27807788781484,0.10801515877686074,0.14869734831999515
2019-06-19,0.3023360999221696,0.12261287401248588,0.15536619908038185
2019-06-20,0.33005397664304126,0.15662418679722911,0.14495246034793285
2019-06-21,0.3391190270508182,0.15826165377889145,0.1511349989991495
2019-06-24,0.3370741481132171,0.1604761094479521,0.14717634750448716
2019-06-25,0.3341401447399235,0.14840384126897255,0.15659295826360187
2019-06-26,0.33241923868773515,0.1462950958549598,0.15722485275217557
2019-06-27,0.3448148683587877,0.15852750656696268,0.15564158653061644
2019-06-28,0.3375272447792841,0.1557389832240994,0.1521606801302342
2019-07-01,0.3837351906087745,0.1890373673980672,0.1587694244282576
2019-07-02,0.3859643556454315,0.1894482841227516,0.16023571838091488
2019-07-03,0.3771085684435671,0.17626420264132636,0.16568253525014032
2019-07-04,0.3681255177789844,0.17009213770044695,0.16419518399896949
2019-07-05,0.36968599486511766,0.17616451455350912,0.15948128548582452
2019-07-08,0.3332925945594747,0.14885102705730313,0.15559921485684192
2019-07-09,0.3306094907392687,0.14593261182223927,0.15620925689359422
2019-07-10,0.33362751005710733,0.14400216675417465,0.16077946782866603
2019-07-11,0.33347290504952265,0.14354298981856783,0.16111081174950415
2019-07-12,0.3368383258383576,0.15064558381455373,0.15682951636254283
2019-07-15,0.35192241620580567,0.15531614203351496,0.16518683487097396
2019-07-16,0.34816237009217166,0.1500745573817821,0.16723251599735178
2019-07-17,0.3505094045048507,0.14940989865708487,0.16993914190460258
2019-07-18,0.3300455182523352,0.1384615624785943,0.16335526658072497
2019-07-19,0.34280275163218055,0.15041291337687457,0.16230099743010973
2019-07-22,0.3177615830966094,0.14247347279334965,0.1486473887604105
2019-07-23,0.3279223093557089,0.14495982044659295,0.1550043600560682
2019-07-24,0.3345375161725428,0.15399886031868437,0.1516398171890494
2019-07-25,0.3399184122848995,0.16343667035996812,0.14686474722719578
2019-07-26,0.3433383697530352,0.16570248910378838,0.1475584172103548
2019-07-29,0.3428024940229415,0.16440346708612985,0.14837944357189614
2019-07-30,0.3529288281346763,0.1692522981274358,0.15225749224388574
2019-07-31,0.34622789749650873,0.15869062276793078,0.15695863196986948
2019-08-01,0.3401218290805943,0.14905649376621155,0.1613307577785592
2019-08-02,0.32213429471054766,0.1321294116282712,0.1628509109481382
2019-08-05,0.3015840749822598,0.11045316151203632,0.1670409248769289
2019-08-06,0.300923393740798,0.09856225915923167,0.1789453902262539
2019-08-07,0.29577302505951963,0.09406081131878374,0.17910875790759384
2019-08-08,0.3089186805089261,0.10851967830779419,0.17548800899493378
2019-08-09,0.29223604985994056,0.09771629272289473,0.17196204335905452
2019-08-12,0.31861373453841746,0.11752544273693655,0.17473566995046252
2019-08-13,0.30848953506748433,0.10745019207088746,0.17630719322701704
2019-08-14,0.31533445316239406,0.11248022309112193,0.17711786530725515
2019-08-15,0.3213636562093951,0.11598465316052264,0.178805468536418
2019-08-16,0.3284425345724271,0.12098147556103345,0.17984252406978385
2019-08-19,0.3594593093453624,0.1453161561956584,0.18177729435567036
2019-08-20,0.3611968889805097,0.14430103835461083,0.18433520557523875
2019-08-21,0.3626882254363628,0.14249747619395348,0.18749943221911503
2019-08-22,0.36399165081419493,0.146047296969809,0.18494564265641755
2019-08-23,0.3664999242607603,0.15430990672041411,0.17858161102251335
2019-08-26,0.3592785018897735,0.13770909779479767,0.18930313865457538
2019-08-27,0.38225943013103536,0.15312863188961146,0.19329154711383012
2019-08-28,0.38205193476428945,0.14878732376061854,0.1976049321195945
2019-08-29,0.37720466071676495,0.14504424380905712,0.19730671126348875
2019-08-30,0.36852206445476066,0.14788412448880917,0.1867887834601223
2019-09-02,0.38741813154519433,0.16260575215998752,0.1879549614993865
2019-09-03,0.389132728757128,0.16420387270089987,0.18779009278203262
2019-09-04,0.4025202505482559,0.17398910986509564,0.18925372896934167
2019-09-05,0.41913008227097337,0.18586796018473595,0.19130457475439244
2019-09-06,0.4297467921391762,0.19287394120563572,0.1931787903006248
2019-09-09,0.44348525528291116,0.200257477811012,0.1972586436455741
2019-09-10,0.4475489571204241,0.19612455886213942,0.20475176084216296
2019-09-11,0.4405319681853128,0.18731212110255657,0.20778772913722632
2019-09-12,0.44945864891776033,0.20008513347834445,0.2022788542338001
2019-09-16,0.44340519449564675,0.19565631337991718,0.20169462632918256
2019-09-17,0.42079191167152397,0.1755661678478131,0.20305973642779862
2019-09-18,0.42338726179960817,0.18126391523403562,0.19942635326877123
2019-09-19,0.4326442550406022,0.1855840593763829,0.20284024944959533
2019-09-20,0.4346424546468073,0.1889887625329485,0.20106366821477795
2019-09-23,0.42683164753756353,0.17539696114888437,0.20825439833139447
2019-09-24,0.4341780883655928,0.17854485757276706,0.21123953944170304
2019-09-25,0.42150887320944364,0.16945141605770164,0.20988542244235764
2019-09-26,0.4010958547338699,0.16043650253056696,0.20183794509448005
2019-09-27,0.4092558348447497,0.16391382477833605,0.20523606312486598
2019-09-30,0.39550027321588943,0.1523974910782051,0.20539710794082433
2019-10-08,0.3945550912188538,0.1593913280696968,0.19726519538258946
2019-10-09,0.40775958530368617,0.1610709968359334,0.20686709043018237
2019-10-10,0.4303970227866789,0.17055723366461928,0.21641367970794012
2019-10-11,0.4416867460248357,0.1817623998072173,0.21437036507977547
2019-10-14,0.4650655926965228,0.19430285232241884,0.2211765007436164
2019-10-15,0.4443321476386133,0.1891699858838276,0.20914291076216962
2019-10-16,0.43478871210665804,0.18507347318228784,0.20531880632211807
2019-10-17,0.43637163237109444,0.18583789471748746,0.20587108495880324
2019-10-18,0.42026227522601056,0.16896814229631651,0.20950160851824906
2019-10-21,0.4275371748186301,0.1724303393028097,0.2121146978558608
2019-10-22,0.4403567103552606,0.17697408604819587,0.21830215832670863
2019-10-23,0.4312427972608488,0.1694818026885665,0.21834867019630533
2019-10-24,0.42676924308250985,0.16935800385931987,0.2146695188487262
2019-10-25,0.440085285765621,0.17724906495628434,0.21780920177235608
2019-10-28,0.4600945976966764,0.1862518134767468,0.225417168329775
2019-10-29,0.44150868911217533,0.18130938509515815,0.21492413518867526
2019-10-30,0.43084375172841316,0.17556936711743742,0.21183892652823721
2019-10-31,0.42479343372761846,0.17421590671430875,0.20810988808755404
2019-11-01,0.4401151718861005,0.19404623168555868,0.2006987546391905
2019-11-04,0.4514866920248608,0.2018194956989241,0.2023632090461025
2019-11-05,0.46301617006295204,0.20927846004465733,0.20445150562154502
2019-11-06,0.4547838994957536,0.2038617523406423,0.20306924334197474
2019-11-07,0.45821313837604283,0.20597352413027825,0.2037947549827599
2019-11-08,0.44724774337142126,0.20027575508675488,0.20042999723377664
2019-11-11,0.420714879261175,0.17911913769964527,0.19958145935931104
2019-11-12,0.42189963599675595,0.17933363524740686,0.20036358950084998
2019-11-13,0.4208233154198129,0.1782128012070423,0.20059578358664676
2019-11-14,0.43581937716591335,0.1799892622797985,0.2114572474100458
2019-11-15,0.42370441142824666,0.17129767023194487,0.21015875426106434
2019-11-18,0.431668474741707,0.18061459239683342,0.2073022268635787
2019-11-19,0.45044390929387057,0.19243001559026895,0.2110527294775264
2019-11-20,0.44119086789090933,0.18059343297117314,0.21534831312682168
2019-11-21,0.4441032836955279,0.17507693719867734,0.22348323035935036
2019-11-22,0.44517466857936716,0.16311052593271436,0.23685029389570045
2019-11-25,0.4677738814219745,0.17163605746428012,0.24712575227388323
2019-11-26,0.4687400197496714,0.17569640123690333,0.24362469672906428
2019-11-27,0.46533900735236444,0.1708535925419612,0.24586757306940998
2019-11-28,0.46385473094175844,0.16682952868299505,0.24888748110946435
2019-11-29,0.4640756640546131,0.15666961143033653,0.25995038939809056
2019-12-02,0.4716162287042007,0.15890225767976118,0.26400762611022555
2019-12-03,0.4760230667502945,0.1634428966405972,0.2628403212231516
2019-12-04,0.47358123307302646,0.16305920189910683,0.2611676380648029
2019-12-05,0.48440294852810917,0.17198338423175863,0.26075245547865356
2019-12-06,0.48731851083495803,0.17894100727741336,0.25574412732955953
2019-12-09,0.486942708668026,0.17684442079615925,0.25766000768030284
2019-12-10,0.49059586148465395,0.17833374777326294,0.25915825264010994
2019-12-11,0.4943997160031146,0.17904971484716414,0.26160642423705527
2019-12-12,0.4944684929659333,0.17550600523419924,0.2654563264254981
2019-12-13,0.5195584285612036,0.1988286074454222,0.26159422373156604
2019-12-16,0.5415539465649353,0.20466840010061205,0.27371018559065363
2019-12-17,0.5627340659263669,0.2210577679191046,0.27388160325603716
2019-12-18,0.5622635778944096,0.2183327125404575,0.27634102246773407
2019-12-19,0.5647767013787524,0.21663191958641792,0.28017597137450867
2019-12-20,0.5616176063941771,0.213640959461751,0.28073862727157506
2019-12-23,0.5380149661748337,0.19849042763959468,0.27736940324470827
2019-12-24,0.5497799633011589,0.20630291021758307,0.27881393707479796
2019-12-25,0.5569601380050131,0.20567147337183544,0.28540811106044073
2019-12-26,0.5723614656460989,0.2162814185076518,0.2868116373973246
2019-12-27,0.5747174123317731,0.2150850892127898,0.2900054332225177
2019-12-30,0.5882306665376325,0.23309074255133333,0.2819596095030472
2019-12-31,0.6014035214108446,0.23760733765718256,0.28789664558970784
2020-01-02,0.6280114985391518,0.2544225588034428,0.29179708134578863
2020-01-03,0.6300029530813054,0.25222329137470045,0.2956420566281772
2020-01-06,0.6247475420332791,0.24749219192504945,0.29635982533414484
2020-01-07,0.6377780812849871,0.2568364030732222,0.29704643307122325
2020-01-08,0.6114730189858886,0.24236240734927694,0.2911510721755557
2020-01-09,0.6287588995901545,0.2580870454877675,0.28865877835900333
2020-01-10,0.6265363509195261,0.25772755382012336,0.28726854605553
2020-01-13,0.6448690483599957,0.27005652878464925,0.28915880186386755
2020-01-14,0.6479978566658313,0.26579689406710894,0.2959346931724365
2020-01-15,0.6402945866546177,0.2588000555356116,0.29704050788767034
2020-01-16,0.6333340732450796,0.2534557952273542,0.2970431880155884
2020-01-17,0.6263986542696875,0.25521107393038456,0.2897194019296301
2020-01-20,0.635365876592642,0.2645703075244805,0.2872137898823388
2020-01-21,0.6082867363588793,0.24296352160984513,0.2878931905036397
2020-01-22,0.609882657657983,0.2482866293568211,0.2836556583635801
2020-01-23,0.5605740338690886,0.20960780156113978,0.2841137017095481
2020-02-03,0.4353732603381393,0.11428087268669529,0.28229121716901817
2020-02-04,0.4581658515430913,0.14366982679040707,0.26883279050694364
2020-02-05,0.48004000021554405,0.1566272067871728,0.2734912949134132
2020-02-06,0.509967531644941,0.1781523155393845,0.2755422774895988
2020-02-07,0.5150154835801743,0.17817956219908138,0.27977702658481807
2020-02-10,0.5141944794933069,0.1830555631752233,0.27378702976321434
2020-02-11,0.5173346437236959,0.19406742187920267,0.26457224715237637
2020-02-12,0.5408065531585495,0.20372574249307318,0.2739055266231625
2020-02-13,0.5367494346293229,0.19632102671781393,0.278387615323763
2020-02-14,0.545315040634152,0.2047226190519711,0.2765352178064575
2020-02-17,0.5881811925717102,0.23181872698785222,0.2832342854719858
2020-02-18,0.5868021965197994,0.22580369332121553,0.28838616911809867
2020-02-19,0.5688594290670648,0.2239306350004695,0.275786427088589
2020-02-20,0.6018417970855596,0.25213240063064735,0.2732108523304517
2020-02-21,0.6115922057707441,0.25359147395483617,0.2794772495052207
2020-02-24,0.6137212193101906,0.24856140682580552,0.2863014529815764
2020-02-25,0.6157312699080375,0.24584552107094115,0.2907016479868143
2020-02-26,0.5787322359761173,0.2304893749421466,0.27705458605515365
2020-02-27,0.5812804268707907,0.23407232128703925,0.2753973116469166
2020-02-28,0.507998664916508,0.1903181538559966,0.2615105337858923
2020-03-02,0.5544688821645818,0.2294773238038219,0.25888375500760086
2020-03-03,0.5657712275475921,0.23603010352186415,0.26132743055653695
2020-03-04,0.5692454423984317,0.24318700655788783,0.25682274916559966
2020-03-05,0.5983647419261391,0.2708842968351737,0.2521435727513295
2020-03-06,0.5723327412115606,0.25027452632481895,0.2520562082025479
2020-03-09,0.5164691679913305,0.20756266671062829,0.2503444985821719
2020-03-10,0.5593725318696483,0.2334230474878578,0.25894219660865625
2020-03-11,0.5344656253472493,0.2170185184894231,0.25557781435715965
2020-03-12,0.5098273386395393,0.19359913905368664,0.2595789003417608
2020-03-13,0.5037460324355452,0.1768019573519395,0.272231244861451
2020-03-16,0.42161995616255044,0.1262080520720752,0.25744586167050465
2020-03-17,0.42872352981956063,0.12072174351138587,0.26985471947189277
2020-03-18,0.41331125050732953,0.0985410642995328,0.28128846219788906
2020-03-19,0.41476399624294613,0.08429066163340537,0.2992265246214425
2020-03-20,0.4349116358798748,0.10366481271567873,0.2945141621942846
2020-03-23,0.37185553240792224,0.06653282680382122,0.2811806902598475
2020-03-24,0.40623522792774147,0.09517252345727445,0.27888435443550574
2020-03-25,0.4490766981743477,0.1246008670992289,0.28348117576403764
2020-03-26,0.4293078741385481,0.11720830532363369,0.2744084264353208
2020-03-27,0.43350646990347985,0.12083657190779795,0.27401321201450135
2020-03-30,0.40872706291974037,0.10997581403685719,0.26433580402589985
2020-03-31,0.4036016186465494,0.11361618617449243,0.2555890814755293
2020-04-01,0.40593449729812714,0.11026880937516248,0.26145008126719893
2020-04-02,0.45501589796967923,0.12822916270179352,0.28508155819169256
2020-04-03,0.44778607009729576,0.12179127160764702,0.2860290378090855
2020-04-07,0.47847011295333064,0.14740993410069803,0.28391543305349143
2020-04-08,0.4803967663294144,0.14206873684152455,0.29156518530054254
2020-04-09,0.48920064777168193,0.14583601080224007,0.2949856812234126
2020-04-10,0.46975538895207136,0.13869718318347957,0.2861444522310135
2020-04-13,0.45884718587077944,0.13388759501424774,0.2820313400049843
2020-04-14,0.49708914891970224,0.15577228325282766,0.2908943351890132
2020-04-15,0.4936145100163065,0.14721057124741765,0.29746092703238736
2020-04-16,0.4976991351386051,0.14872708243863442,0.29929399711415483
2020-04-17,0.5123150293570218,0.15993827393966287,0.29929300153068183
2020-04-20,0.511987599739542,0.1641587163090219,0.29428420768981844
2020-04-21,0.5014395724032026,0.1504399725534844,0.30050711286842446
2020-04-22,0.5147022939987151,0.1599050425607922,0.3012952057583369
2020-04-23,0.5205804694296774,0.15699574205522526,0.30960914097088366
2020-04-24,0.49327161734124947,0.14709268344119675,0.29729854716812665
2020-04-27,0.4909363255374115,0.1548870973551455,0.28645468079791647
2020-04-28,0.4862669797662833,0.16285672768499637,0.27354818469455733
2020-04-29,0.49277281906206305,0.16825832393647633,0.2732071194667911
2020-04-30,0.5226746252082022,0.1820193205122067,0.2837135984436028
2020-05-06,0.5324042453635787,0.1891701036002149,0.2841503039725335
2020-05-07,0.5252767299300001,0.18573823276652224,0.2818834445286664
2020-05-08,0.5458347485062407,0.19743898737380672,0.28651144772378534
2020-05-11,0.552470312182868,0.19639965482959898,0.2931504988511129
2020-05-12,0.5431282337349415,0.19641776781788534,0.2853493143812489
2020-05-13,0.5428619982798135,0.19883752849610237,0.28252792828838214
2020-05-14,0.5223660689440743,0.1858379157732919,0.2793974804636097
2020-05-15,0.5243091040343058,0.18209172833571263,0.28507216047690864
2020-05-18,0.5175911645428073,0.18514003012161906,0.2760947256631372
2020-05-19,0.5243986039166004,0.19521228398793644,0.2709736289930229
2020-05-20,0.5220666575950386,0.18885901118074555,0.2757853490849711
2020-05-21,0.5058649307983172,0.18238474845701202,0.26915282225486203
2020-05-22,0.4774167517179839,0.15527665199387974,0.27427390658190776
2020-05-25,0.46321711789058084,0.1568656620152129,0.26027402036063774
2020-05-26,0.49381632403938513,0.1699922673086698,0.2723292749126376
2020-05-27,0.47888652864701586,0.161787015013672,0.26853605948898296
2020-05-28,0.48303347775133454,0.16511617727990546,0.2684581070497736
2020-05-29,0.48211159237248413,0.1682550127282405,0.26425236660502405
2020-06-01,0.5168556442532399,0.1997708225937278,0.25978379131875085
2020-06-02,0.5233477782666374,0.20346555715420478,0.26129611266770736
2020-06-03,0.5138455129742057,0.20348980261660143,0.25340305007669395
2020-06-04,0.5098728736318268,0.20304878454866615,0.250573173614137
2020-06-05,0.5150596375712997,0.20880688040285866,0.24888362326625213
2020-06-08,0.5238679478953041,0.21506057595160244,0.24968339917216875
2020-06-09,0.5333258098747586,0.22263735190669665,0.24964686500593292
2020-06-10,0.5296324207906005,0.22042589119120493,0.24889710034260326
2020-06-11,0.5184541210854141,0.2071844734726913,0.2533206933349055
2020-06-12,0.5127852473263128,0.2093596368847228,0.24638335337732298
2020-06-15,0.5065195710777646,0.19483128876139988,0.25619418796677973
2020-06-16,0.5250610730479564,0.2128309406095812,0.25273074903691883
2020-06-17,0.5274167874545979,0.21374324489911567,0.25372348591378646
2020-06-18,0.5369199071300819,0.22183659530673827,0.2531638273577459
2020-06-19,0.5498330434612608,0.23825023006937252,0.24685838554201545
2020-06-22,0.5525283917581769,0.2392592983841344,0.24801074080575525
2020-06-23,0.5576988292903011,0.24522291229374593,0.24616130500440558
2020-06-24,0.5687167154743553,0.2504191291341378,0.24977549712765512
2020-06-29,0.5486702989608006,0.24157649828959915,0.2426428661047877
2020-06-30,0.5720911438405529,0.2579626995147988,0.2450353230153015
2020-07-01,0.6033991068092235,0.28328538676105297,0.24476755740625844
2020-07-02,0.6660137058153741,0.30988898747104465,0.26757208426209855
2020-07-03,0.7286199810016152,0.33519340328267555,0.2907185874509155
2020-07-06,0.8584612449020843,0.4108682973254483,0.31451371772638725
2020-07-07,0.8504093566987754,0.4193394529316665,0.3009258908141441
2020-07-08,0.8897114815200464,0.44226025930660096,0.3075486014163298
2020-07-09,0.9160447409377432,0.4624320430131228,0.3074817055989405
2020-07-10,0.8769283291615779,0.4359553645814933,0.30446059385449464
2020-07-13,0.9071196310896867,0.4661147465914415,0.29804587849472
2020-07-14,0.8983180500638575,0.4521361942953599,0.3044313576395481
2020-07-15,0.8619432654873906,0.4333391625419232,0.29632146526156133
2020-07-16,0.808849171354248,0.36439222347679956,0.3217123842380023
2020-07-17,0.8003490483548652,0.372987043786152,0.30717544483297354
2020-07-20,0.8803699690286733,0.4139528746874439,0.3262738479852143
2020-07-21,0.860220123287643,0.4171975837684758,0.30901813257287203
2020-07-22,0.8831900216346114,0.4242698805666205,0.3186493736597047
2020-07-23,0.8906755906430917,0.42366264022601574,0.3244531357902576
2020-07-24,0.795796045089626,0.3611716377547356,0.31612451142568365
2020-07-27,0.8010312418257193,0.3680779313539728,0.31328361098440705
2020-07-28,0.8126078604461078,0.38010466340616755,0.31018006209727345
2020-07-29,0.8655039690240398,0.41356303069827893,0.31665099987555867
2020-07-30,0.8461064414928374,0.406656907365617,0.3093930991541407
2020-07-31,0.8661652684799268,0.4184088857977639,0.3126808961217764
2020-08-03,0.925924150066018,0.4414475665896269,0.33339456084640884
